gender,age,interest,Impressions,Clicks,Spent,Approved_Conversion
M,35-39,41,1384,8,75.97865357014221,0
F,30-34,20,5638,53,330.06458655232916,1
F,45-49,36,1897,23,138.0273472993898,0
F,30-34,26,6901,77,208.13567057396122,2
M,35-39,28,7261,74,69.82856597323449,1
M,40-44,19,7915,78,739.3847376018224,2
M,35-39,24,3367,44,153.14133819706532,0
F,40-44,5,6861,67,315.20791334601796,1
F,30-34,35,214,0,0.0,0
F,35-39,1,7110,69,583.1038982555409,1
M,30-34,21,3107,33,25.16257960033425,2
F,30-34,31,4478,47,395.87687527724654,0
F,45-49,15,452,5,9.163538107428423,0
M,30-34,17,8655,81,722.7110846696715,1
M,35-39,4,8286,78,579.7615242660926,3
M,35-39,35,6399,56,115.60457965388632,1
M,35-39,29,4207,36,211.50975355793807,1
F,45-49,44,917,11,38.17258485012043,1
M,30-34,18,8260,92,201.77572844872395,1
M,40-44,22,414,6,51.97338536643318,0
F,45-49,33,7517,89,385.6784990818624,1
M,35-39,12,6621,60,257.169917188268,2
M,45-49,42,629,8,16.91138728530312,0
M,30-34,28,7724,78,322.85166597956203,1
M,35-39,35,8787,92,807.7931236914151,2
F,35-39,21,6518,77,304.1286517231687,2
M,40-44,46,4200,28,267.1265476249436,0
F,45-49,35,3089,40,379.5973816991872,1
F,35-39,8,4187,47,88.19725138073,0
M,40-44,38,502,7,15.291198359255883,0
F,30-34,50,6587,66,573.8966420980945,1
M,35-39,18,1431,14,59.237202216987654,1
M,35-39,37,8204,79,42.78267370339851,1
F,45-49,5,1517,9,27.91604058480922,1
F,40-44,46,2788,27,166.79183675466112,1
F,35-39,14,7622,65,526.0467339802802,0
M,30-34,19,9458,100,176.71918623859656,3
M,30-34,8,6797,65,100.75929252733407,0
F,30-34,31,930,14,129.63832292512012,2
M,35-39,3,3199,24,183.26182786354883,1
M,45-49,49,8326,85,518.7470276282984,1
F,35-39,17,7942,90,702.6547054465185,1
M,35-39,4,4194,33,150.94584226963116,0
F,30-34,19,1218,10,77.05329599436703,0
M,45-49,22,3179,35,141.12449459878314,0
F,40-44,10,3695,47,132.48822661794694,0
M,30-34,36,2576,28,207.91757006392965,1
F,40-44,21,3566,49,219.8574519992084,0
F,35-39,3,3417,35,343.8078871884598,2
M,30-34,28,7388,66,252.12720930717933,2
F,35-39,43,3605,43,398.0256512869404,1
F,35-39,33,5161,55,514.972931626299,2
F,30-34,12,6802,65,181.84419481248074,0
F,45-49,41,495,3,24.249303675258382,0
F,40-44,8,6414,61,281.4666757312755,1
F,40-44,41,3676,41,377.87588125622057,1
M,35-39,30,4066,45,214.9281265515646,1
M,35-39,6,3925,40,302.8354125881991,2
M,40-44,3,5547,68,335.66094631981343,4
M,35-39,18,6288,51,135.86946614287882,1
M,30-34,41,311,2,4.787652449949039,0
M,35-39,29,5042,47,213.45502823545831,0
F,40-44,30,4075,41,314.7651689070367,0
M,35-39,34,8333,73,456.11707497286176,2
M,30-34,20,4272,27,190.13341285948934,0
F,40-44,30,4225,34,108.1914112864174,0
M,30-34,18,9224,94,476.9217639401417,1
F,35-39,30,3493,29,26.730895499049588,1
M,30-34,31,5061,52,429.86101348331164,0
F,35-39,1,743,2,19.80795108255762,0
F,40-44,9,8397,82,357.95878978461866,0
M,35-39,1,1862,24,14.499712913991884,0
M,30-34,1,5774,46,97.19938348376401,0
F,45-49,23,1457,10,66.99005338628979,0
F,45-49,16,8082,89,562.013063541363,3
F,45-49,31,9458,77,614.8230423768254,0
F,30-34,15,1460,21,61.1498601867331,0
M,35-39,15,3547,43,333.4436375010043,1
M,45-49,45,4422,44,309.57732099689395,1
M,40-44,38,7444,86,306.73944463221,0
F,30-34,30,601,4,22.728549626164558,0
F,30-34,42,9418,98,186.11191571194217,6
M,35-39,23,4382,44,211.17196243607353,1
M,45-49,0,1047,10,88.71374725778588,0
M,35-39,10,4126,40,180.0527243336485,1
M,35-39,20,6149,66,559.4083249600897,1
F,30-34,3,5605,63,384.7666391079271,1
F,40-44,6,4102,35,81.29900710653362,1
F,40-44,25,5353,54,325.10750353002084,2
M,35-39,46,8168,79,419.24048853237616,0
M,40-44,49,6152,59,252.93846837757323,2
F,45-49,11,5540,49,80.18796959473073,0
F,30-34,30,8614,79,352.239852217346,1
F,35-39,16,5666,57,67.90082673375808,0
F,35-39,32,2298,20,28.76611976576274,0
F,40-44,10,898,13,57.865691817190424,1
F,35-39,27,6404,66,224.47418919422674,1
M,40-44,31,8745,85,789.8770431337455,0
M,40-44,0,8120,64,260.42912967120446,3
M,35-39,46,8944,80,615.972172774796,3
M,45-49,27,3675,34,188.2699510162964,1
F,35-39,41,364,6,43.13288311261312,1
M,30-34,6,2426,23,68.33534228886471,0
F,40-44,1,9282,106,1001.4983076481973,3
F,40-44,41,4428,47,260.1845138722903,1
M,35-39,23,8499,108,906.9384971386661,4
M,45-49,3,624,6,23.80760452813847,0
F,45-49,43,9794,92,133.58471907015846,1
M,35-39,18,5635,42,289.8109474406187,1
M,45-49,25,5542,56,32.12813291550982,0
M,30-34,10,8999,118,591.8034267299348,2
M,30-34,39,2860,33,76.94339648593497,0
F,30-34,49,8184,74,478.04497961805964,3
F,45-49,42,9346,92,902.0129691224828,1
F,40-44,10,5720,49,240.67955289226072,1
F,30-34,44,7765,56,462.90907247165467,1
F,35-39,2,6617,75,399.29623320267376,4
M,40-44,11,3509,28,145.8934482736704,0
F,30-34,2,6167,52,485.6292056303162,2
F,45-49,41,4042,33,295.5042998520846,1
F,40-44,26,7887,78,621.278144704289,1
F,35-39,48,253,4,13.257718626037796,0
M,45-49,1,2825,26,147.6170786838133,1
M,35-39,48,2042,23,60.42154547729217,1
M,45-49,15,2293,17,80.19254673451618,1
M,40-44,1,8548,84,428.40202647631287,1
F,40-44,29,1737,20,168.01160763217285,1
F,30-34,19,4159,41,369.5030482940848,0
M,45-49,37,1910,16,71.02224948426463,0
F,35-39,27,5226,54,36.08238032257069,2
M,30-34,24,772,10,86.8685147799887,0
M,30-34,31,9021,82,176.76309055256,3
M,35-39,9,8770,78,499.8145352427816,2
M,35-39,41,4943,42,30.963389273218347,2
F,40-44,39,393,6,25.771869089852167,0
M,45-49,32,5448,48,473.59789776459945,1
F,30-34,12,8450,105,152.9418671010436,3
F,40-44,40,4786,45,203.62882247984706,0
M,30-34,41,3456,29,99.11981127733182,0
F,45-49,46,9553,96,873.4403685300971,6
F,40-44,36,969,9,78.82857922607886,0
M,35-39,15,5869,58,159.9720169287321,4
F,40-44,44,2094,20,25.425679539581925,0
M,35-39,21,468,3,19.37344423074185,0
M,35-39,19,1799,15,55.43254144342864,1
M,40-44,49,7428,60,413.08810264545593,1
F,35-39,42,1149,12,9.661652191730852,0
F,35-39,26,3442,43,75.99358757000442,1
M,35-39,40,2822,37,259.7598398195841,2
M,40-44,15,6834,73,183.7790494522822,1
F,35-39,33,1595,14,121.0591608763994,0
M,30-34,31,1120,15,15.849201498694299,0
M,40-44,25,6572,79,201.21922808057374,2
F,40-44,24,1900,14,139.80851304851413,0
F,30-34,1,5103,67,309.1529392964935,1
M,30-34,11,2989,18,129.20712846613404,0
F,30-34,39,7244,84,187.7651129878969,0
F,35-39,8,5901,51,320.981402100493,0
M,35-39,11,6723,72,532.6565507646823,2
F,40-44,25,728,10,34.8752804073185,0
M,40-44,8,1038,12,100.49427076525006,1
F,40-44,9,9849,98,610.7817655576957,3
F,35-39,31,1552,21,88.13004041819853,0
F,40-44,33,1839,13,75.36883557788008,0
M,35-39,47,5331,46,275.0444903294989,0
F,45-49,19,5077,44,91.193752346036,2
M,40-44,38,1475,19,82.1931927609874,2
M,30-34,1,6704,61,229.51802575729627,1
M,40-44,0,2490,30,129.25727593505093,1
F,35-39,50,6906,60,463.833035436597,0
F,40-44,35,7417,65,330.46746661067033,1
M,30-34,23,9520,104,981.0323594003933,4
F,30-34,26,2644,22,72.37837039191317,0
M,45-49,1,4739,49,218.0100156916344,0
F,30-34,30,2486,29,231.3066012869759,0
M,40-44,13,5567,55,312.797850010092,2
F,35-39,1,9269,96,546.8896695390963,1
M,40-44,28,6360,68,68.45774530134855,3
F,40-44,14,3589,32,137.17429746641056,0
M,35-39,11,3533,31,95.23108419820022,0
M,35-39,36,7421,68,679.5704893489005,2
M,30-34,27,2291,16,54.86997073611116,0
F,30-34,19,6428,60,534.1630248325022,1
F,35-39,38,2815,24,166.18129158922886,0
M,40-44,23,9415,101,377.6092946198108,0
F,45-49,20,4961,46,260.52452334949203,0
F,45-49,9,453,7,59.39563601662138,1
F,40-44,45,3432,39,346.7879544204528,1
F,40-44,13,4213,40,80.94967250233518,1
M,40-44,36,7680,66,245.91235953752235,1
M,35-39,17,137,0,0.0,0
F,45-49,23,9400,103,92.64083296031188,2
F,40-44,13,5866,57,352.445746959802,3
F,35-39,33,5520,63,543.1098017158245,2
M,30-34,11,6326,61,251.62235774488758,2
M,35-39,21,5789,46,346.3957079580853,0
F,35-39,5,4323,39,252.06300323907413,1
F,45-49,35,9623,106,431.27827664145184,2
F,35-39,44,6573,86,158.24585618520672,4
F,35-39,35,5053,45,325.73594706172605,0
F,45-49,21,8088,80,689.4695283953428,1
M,30-34,13,6656,68,477.06200209136375,1
M,35-39,15,2114,24,16.07629435993852,0
F,30-34,35,5365,51,130.26483733243526,0
F,40-44,24,367,2,2.3201197127871063,0
M,45-49,31,1552,20,118.37335891948308,0
M,35-39,32,6180,77,591.8634220717616,3
F,45-49,44,7469,81,125.59068444933342,3
M,35-39,35,2092,14,118.49893013892023,0
M,45-49,19,4648,46,265.7574235588262,1
F,40-44,17,168,2,14.109411230692773,0
F,40-44,37,759,12,116.73981074138567,1
F,30-34,2,3607,32,41.43902042729999,0
M,45-49,22,3300,35,317.15698764011495,0
F,40-44,31,8111,84,142.62995139795262,1
M,35-39,44,8659,108,457.175735609236,2
M,40-44,15,2653,18,154.59601707262055,0
F,35-39,4,1151,11,100.20356773910723,0
F,45-49,3,4471,40,212.42123594715522,1
F,30-34,20,7907,103,632.8313885525035,3
F,40-44,39,8227,97,701.0577688325704,1
F,35-39,50,6132,66,555.1396851198518,1
M,30-34,13,6708,80,132.3484888486263,3
M,30-34,38,2311,21,172.1088269917309,0
M,30-34,30,8071,86,436.2026149679909,3
M,35-39,13,558,3,14.342767615582815,0
F,35-39,5,2429,31,140.338476963116,1
M,35-39,11,8929,82,437.6758249066672,2
F,35-39,15,4802,50,473.8990128624367,1
F,35-39,16,9534,105,599.3332633601713,4
F,40-44,44,5545,52,496.86970390199076,0
F,30-34,22,3259,27,59.74441850291181,0
F,45-49,13,7448,63,464.89538333133095,1
F,45-49,6,6793,69,566.9230175580338,2
M,40-44,45,5698,56,389.2965382701465,0
F,35-39,31,5221,58,363.41417640482376,2
M,45-49,14,7940,71,416.4662208426299,1
M,30-34,43,374,5,43.394197922488054,0
F,30-34,16,3607,41,340.5313495955728,1
M,30-34,40,3637,28,46.528799834039475,0
F,40-44,46,201,1,8.561582741793343,0
F,30-34,43,1004,11,48.770170731526235,0
F,35-39,33,4404,36,104.76431585856729,0
M,45-49,4,7210,83,727.3125158789805,2
M,45-49,44,9433,78,359.1303765286026,2
F,35-39,26,737,5,40.89732278339879,0
M,30-34,22,8551,76,228.17740783211974,1
F,40-44,39,9744,91,48.89689836950729,1
F,35-39,13,3177,25,130.1715583144493,0
F,30-34,14,6813,76,110.36480129616244,4
M,30-34,42,3445,34,260.6634336345458,1
M,45-49,32,9055,91,284.1669551320053,0
F,40-44,30,895,6,28.28780185639829,0
M,40-44,34,1214,9,11.941369815327887,1
M,45-49,16,5954,48,154.71661729194722,1
F,35-39,27,5410,57,451.6769667245167,1
F,35-39,18,404,3,5.8202554892161045,0
F,35-39,45,1922,14,93.07222162988533,0
F,35-39,22,2074,22,202.74200323614073,0
M,35-39,31,2867,21,146.1274335716652,2
F,40-44,39,3882,35,287.1647116896654,1
F,40-44,12,8307,82,125.8888992277504,0
M,45-49,19,2631,27,77.81271336952696,0
F,35-39,34,9632,93,836.8250759545622,1
F,40-44,4,9372,88,641.8282929847226,3
F,40-44,8,2536,24,157.81827241402695,0
F,35-39,28,9076,88,598.9089913977413,0
F,40-44,5,8468,76,337.05280020795254,4
M,30-34,24,2493,21,19.389048007721815,0
M,35-39,30,8969,89,707.7453238208013,0
F,30-34,21,1086,10,69.47775744045862,0
F,35-39,1,8734,92,459.23110163452134,1
F,35-39,44,7485,86,778.1036057558663,1
F,40-44,4,1598,17,62.78978589509347,1
F,45-49,26,9385,90,296.6450913177067,3
F,40-44,24,5115,42,369.2457337066977,1
F,40-44,7,6546,53,427.7832841711492,1
F,35-39,0,6233,51,275.007718259123,1
F,40-44,19,4007,32,55.74336079518639,0
F,30-34,43,3457,33,83.92490630429394,0
F,35-39,22,689,7,47.13916136218565,1
M,35-39,31,222,2,8.315783518967821,0
M,35-39,10,5716,71,599.7011677786977,0
M,30-34,38,4404,25,238.11431471639847,0
F,30-34,46,4009,46,375.06333634513925,1
M,35-39,23,8758,88,359.62797362428574,0
M,45-49,10,8764,101,807.2446288475513,1
F,35-39,28,2936,32,122.83826873508777,0
M,35-39,25,2214,22,45.923918343017476,1
F,30-34,15,3995,37,30.237711510348873,0
M,40-44,34,5285,68,283.1729964436189,1
M,35-39,19,7796,78,708.5374440396859,2
F,30-34,45,2640,34,94.1926678450835,2
M,35-39,2,7804,77,189.564380146137,1
M,30-34,0,4984,53,514.8047653688639,0
F,30-34,46,4126,49,36.139414531950635,1
F,30-34,0,5235,56,446.0361040094773,2
M,30-34,16,1143,12,42.63617495445922,0
F,30-34,1,3930,44,37.6699659715176,1
M,35-39,28,6609,72,663.7769375033552,0
M,40-44,19,2835,22,40.18524701380298,0
F,35-39,5,6115,61,350.2560949190405,1
F,35-39,7,6589,73,226.5565928523914,1
F,35-39,28,1624,15,16.789974311318474,1
F,45-49,47,5726,65,63.32713489713659,1
F,35-39,50,8110,74,118.23635928194616,1
F,30-34,32,4040,34,40.05154548626976,0
M,40-44,2,5260,49,378.5398027745241,1
F,30-34,34,4895,51,260.75682500632144,0
M,35-39,4,9335,97,364.4750621780848,4
M,35-39,26,1239,12,53.69405575504882,2
M,45-49,43,2739,23,214.4748617226182,0
M,35-39,11,4145,50,457.60711105061995,0
F,40-44,19,1925,21,153.2774577844541,0
F,45-49,44,7818,71,632.2182635709285,2
F,30-34,19,3456,38,134.39293795913255,1
M,35-39,8,3982,35,144.21885089775404,2
M,35-39,38,9849,95,601.3752441234408,3
M,35-39,3,8290,80,513.9557199459207,1
M,35-39,50,5458,56,284.2643138225654,1
F,45-49,18,3911,35,150.71873460561946,1
F,40-44,37,7456,67,661.2037683389344,1
F,40-44,26,2883,32,265.62158233978823,0
M,35-39,44,5335,42,194.55709895733003,1
F,40-44,42,9639,94,696.4721821749347,2
F,45-49,12,7695,73,223.44103427058064,2
F,40-44,12,9073,68,98.7093847493151,2
F,30-34,21,4827,50,192.4047371375518,1
M,40-44,27,2785,29,125.51900643399509,1
M,30-34,46,8323,90,59.13924149937354,2
M,35-39,44,8328,90,741.6471613986912,2
F,30-34,21,6418,65,254.3019259753196,1
M,40-44,42,871,7,42.09780802437977,0
M,40-44,18,7575,75,90.19877093055612,0
M,30-34,7,212,2,4.324939746261095,0
M,35-39,7,7827,72,644.550508124051,2
F,35-39,41,1982,20,125.65063029773215,2
F,35-39,25,3585,42,400.1633360180237,0
M,30-34,47,6006,56,559.3350182961806,1
M,35-39,50,3496,32,129.0454750612607,0
F,40-44,25,2840,30,100.15887326373326,0
M,30-34,22,2757,20,173.08765048022838,1
M,30-34,42,8009,74,739.0238332073303,1
M,35-39,12,3983,43,278.7084441839588,1
M,45-49,27,3435,38,306.04580082665956,1
F,40-44,8,6686,67,531.0812391359223,1
F,40-44,19,972,10,38.75727228085696,1
M,35-39,18,8139,81,482.4010576078286,1
M,35-39,47,9824,86,723.6075210128625,1
F,30-34,38,614,8,56.29665459584022,1
F,40-44,50,3308,35,24.53696814902772,2
F,45-49,11,2550,27,99.86500407221735,0
F,40-44,14,4616,52,97.37099411773504,0
M,45-49,30,9229,107,290.31625357732673,0
M,40-44,13,6931,52,473.3118018807148,0
F,30-34,10,3686,37,31.467991052135,3
M,45-49,25,6080,76,196.69611403650893,2
F,30-34,41,273,3,10.322726538789597,0
F,35-39,26,6347,51,324.3803328677183,2
F,30-34,10,400,5,27.869830279078613,0
M,30-34,37,7364,78,200.7376867943591,1
F,35-39,33,1978,17,35.024932356539445,1
M,35-39,42,7793,89,244.71273825101846,3
F,35-39,18,8590,63,332.2639815809409,2
F,35-39,5,4782,50,153.80944821282162,1
M,30-34,45,1067,9,85.52001388746024,0
F,30-34,37,2276,37,181.5486253322399,0
F,35-39,48,7256,82,86.80209688827229,2
M,35-39,41,7220,65,482.8220056041211,4
M,40-44,27,6257,69,250.0580864209927,1
M,40-44,0,2469,30,201.24434563660054,1
M,40-44,34,6290,58,183.05649815830083,1
M,40-44,39,1943,16,94.75304874346462,0
F,35-39,7,5372,64,501.4687229229385,2
M,40-44,46,7768,100,931.6083046858262,1
M,35-39,6,6928,72,214.6109667922247,2
F,35-39,10,1175,11,40.49255137939353,0
M,40-44,38,3167,41,201.3317707013735,2
F,35-39,3,4211,38,353.710116422692,0
M,40-44,24,4092,32,290.02160447043974,0
M,40-44,11,4483,40,54.15374643824245,0
F,45-49,25,8688,83,145.52666760687987,4
F,45-49,37,2708,28,145.80544116994977,1
F,35-39,45,3533,32,48.412258932848744,1
F,35-39,11,2994,27,102.1414940139409,0
F,35-39,42,7260,77,147.0439041660849,1
M,35-39,50,7703,71,464.509219536457,0
M,40-44,36,8837,87,828.2579743324171,2
F,40-44,45,2036,16,159.50353308474598,0
F,40-44,23,1124,13,52.84227986336899,2
F,35-39,15,4355,42,260.0060422087303,2
M,30-34,12,3057,30,259.0362812543632,0
M,35-39,24,1019,8,12.927117532525184,0
F,30-34,3,8822,72,507.662057159544,2
M,45-49,10,2874,24,105.21635487331555,0
F,35-39,31,1261,13,31.959050794600262,0
F,30-34,48,279,1,4.326159378100699,0
M,30-34,6,4334,45,54.97302267750195,1
F,40-44,45,3235,35,248.72287690594416,1
F,40-44,10,551,3,8.703166059330911,0
M,35-39,27,98,1,3.458353627926341,0
F,30-34,40,3616,39,64.36062099846194,1
F,35-39,22,3105,38,331.14194011425093,1
F,35-39,44,8930,86,446.14397617399743,1
M,40-44,22,436,7,41.54776737279562,0
F,40-44,49,1019,10,59.096104894011184,1
M,35-39,27,9247,106,466.3665663431311,5
M,30-34,42,5870,74,172.34853055301204,5
F,45-49,46,3102,31,234.94159443277877,1
M,35-39,25,7447,66,112.66427837926182,0
M,40-44,24,2352,24,35.6832241835688,0
F,30-34,28,2333,20,144.92755714333563,0
F,35-39,18,9849,100,248.39516942938462,1
F,30-34,32,4416,50,170.71705689259537,3
F,35-39,35,172,4,20.058643746066128,0
M,45-49,13,6849,69,329.04978811621754,2
M,35-39,13,9522,102,737.6131721879842,1
M,30-34,34,3777,31,199.1006631690698,2
F,30-34,29,8500,93,615.8240093760284,3
F,35-39,27,9189,82,597.2483235806012,0
F,30-34,16,5008,48,157.4314037051002,2
F,30-34,2,574,2,7.124332924208999,0
M,40-44,15,9129,87,405.50513863567545,0
F,35-39,45,8449,83,283.9339234369353,2
M,35-39,29,198,1,9.856909755223203,0
F,45-49,28,8051,96,790.4153568963438,0
M,30-34,44,487,5,10.321097692161405,0
F,45-49,14,3799,43,23.785212677743694,4
M,35-39,45,8236,83,75.2346070129707,2
M,45-49,24,4503,61,171.9347698793752,2
M,40-44,50,5386,48,76.11682634160658,0
F,40-44,37,4601,47,261.63546829953344,0
F,45-49,41,2873,24,207.62291078183776,0
M,35-39,46,5778,62,464.9458801178909,0
M,45-49,37,8727,102,259.92518212664254,1
F,35-39,22,8441,96,412.16092149551673,1
M,35-39,24,2032,20,106.49989981094274,0
F,35-39,41,7046,81,663.9534011928167,1
F,35-39,6,9713,109,923.4104200164336,3
M,30-34,21,2361,18,164.5618313362297,0
M,35-39,16,7275,68,362.9724318248574,1
F,35-39,17,9763,98,695.3697889317884,0
M,40-44,48,654,6,9.372621160334418,0
M,40-44,40,8225,91,534.1923058802175,0
F,35-39,9,5835,59,168.89175920857124,4
F,35-39,9,9659,94,432.5231783287637,3
F,35-39,6,4647,40,260.93919315655336,1
F,30-34,47,7809,73,214.7197479015972,0
M,30-34,49,7582,76,75.6776117292615,2
M,35-39,37,8790,97,57.93049868067004,3
F,35-39,26,888,12,8.526187052075457,0
F,45-49,32,3865,30,17.379675191424354,1
M,35-39,0,897,13,20.12884948489762,1
F,35-39,43,4759,48,133.20685384397922,2
M,35-39,33,4557,42,109.26738415873739,2
F,30-34,3,6625,58,572.7249233931232,2
M,35-39,16,4823,49,166.94584197476306,3
M,40-44,3,4518,49,83.81437465380029,1
M,35-39,42,5242,50,284.142208479685,1
M,35-39,25,3370,41,354.67442887732955,1
M,45-49,3,4748,51,354.0202525536286,1
F,45-49,0,4361,41,135.8239737182579,4
F,40-44,6,3723,36,210.0727266486776,0
F,35-39,29,1614,10,72.91131754903887,0
F,40-44,49,1890,30,222.50978032480657,0
M,30-34,8,6108,55,375.76634289304246,0
M,35-39,34,7181,75,657.9524276526278,1
F,30-34,7,776,11,96.4260203969589,0
M,35-39,23,9486,98,587.98993680792,0
F,35-39,18,6747,68,311.68721444584315,2
M,30-34,35,9307,89,586.9476849002918,2
F,45-49,49,332,1,8.2730140130194,0
M,45-49,42,1131,7,3.8758649719387845,0
F,40-44,26,3935,44,436.65474976820775,1
F,35-39,31,2931,22,49.224798416802635,1
F,45-49,13,3020,37,183.7925184594816,2
M,30-34,17,9394,82,720.3111634425932,3
F,40-44,27,7035,76,200.47916810991194,4
F,30-34,28,997,10,50.295546270536406,0
F,40-44,15,4810,46,80.9384127391753,2
F,35-39,34,9959,108,459.34830984828557,3
F,45-49,46,116,1,2.182786820533524,0
M,45-49,30,8878,63,249.13120763953745,0
F,30-34,3,8555,94,380.5035455959008,5
F,35-39,36,614,7,69.54585750828912,0
F,45-49,16,9843,90,895.5651400547252,3
M,35-39,38,9067,82,130.41851107661708,0
M,45-49,47,3720,31,229.29780551219824,0
F,35-39,45,9267,97,96.1834595150767,1
F,35-39,25,2301,28,22.031076079692173,0
M,35-39,47,854,6,9.004031971962966,0
F,30-34,38,4681,38,367.5403221798642,1
M,40-44,40,9633,104,981.573185319961,0
M,35-39,3,1285,12,28.107771511997573,0
M,35-39,29,6770,61,124.18911845337584,0
M,35-39,29,6956,76,211.66633246451374,2
F,35-39,21,6066,60,323.861786622831,0
M,45-49,10,3599,32,189.1902081387646,0
F,45-49,1,7988,65,169.33394329635874,1
F,35-39,43,4191,52,399.77165731643294,1
F,40-44,11,7016,73,251.17512298073828,0
F,40-44,29,9596,93,861.203026105234,1
M,35-39,35,5385,55,370.6376141236417,0
F,45-49,17,5127,59,274.07484440717434,4
F,30-34,25,5661,59,472.24567695444483,1
M,30-34,6,8139,80,661.6151157954653,2
F,45-49,0,2942,25,81.48938133212411,0
F,35-39,25,5627,50,186.36440832214006,1
F,40-44,22,3668,40,375.6629584168693,0
F,45-49,25,1609,22,45.430877017923834,0
F,30-34,44,6733,59,53.125308707724614,1
M,45-49,5,1557,18,86.64346016623291,0
F,35-39,5,2113,18,146.00689294166054,0
F,35-39,43,3692,40,313.2338803980834,1
M,40-44,7,2050,25,230.88852436679775,3
M,45-49,23,1344,13,72.35028204957646,0
M,30-34,21,4115,35,50.77150329587233,1
F,35-39,18,8064,80,487.40362049537225,4
F,40-44,36,9995,100,789.475833635551,3
M,40-44,17,1653,20,27.732342851267013,0
F,40-44,30,1372,13,27.82318903555234,0
M,30-34,36,6006,61,37.62243813971129,0
F,35-39,29,2491,30,184.19098514234096,0
F,35-39,41,1148,9,80.31579051137483,0
F,40-44,32,5123,53,364.1789796070571,0
M,35-39,9,9747,103,1012.426225707776,2
M,30-34,36,9368,101,110.9807895735212,1
M,45-49,11,8538,80,726.2808247151372,2
M,30-34,29,3837,37,304.6450030164183,0
F,45-49,26,2146,31,108.0441277871042,0
F,40-44,38,2258,20,194.97004484907785,0
F,40-44,8,6038,52,168.24124759667902,0
F,35-39,20,225,2,17.89678975273615,0
F,30-34,11,7219,65,576.362246343312,4
F,40-44,28,6064,50,384.88736788641194,0
F,40-44,32,1717,13,76.08860351588721,0
F,40-44,42,8917,90,147.60235092243929,3
M,30-34,14,1873,27,149.9507498983518,0
M,40-44,1,5197,57,221.70517243714707,2
M,40-44,38,1406,11,88.28667996473426,0
F,40-44,43,3122,33,254.17350623676086,0
F,40-44,17,3309,29,265.3737457811527,0
M,40-44,2,6249,67,42.939398387782056,1
F,40-44,6,596,5,40.93240279909469,0
F,30-34,42,5281,54,508.4310332529551,2
M,35-39,17,8015,78,623.8716327891392,2
M,30-34,43,2133,22,38.21064211290664,1
F,35-39,37,2090,19,24.170878423780238,1
F,35-39,36,4584,38,26.525131570579994,0
F,30-34,32,1802,14,90.62311503513345,0
F,35-39,43,9857,103,667.6346898448998,2
F,30-34,30,1899,21,207.38928598653337,1
F,40-44,10,2692,29,124.16089446567838,0
F,45-49,3,1650,23,84.02152325010304,1
F,30-34,17,4452,49,315.16980360433473,2
M,45-49,3,3849,47,392.1342722746407,1
M,35-39,48,668,6,56.39611512281111,0
M,35-39,33,1182,12,97.5561549444104,0
F,30-34,28,5541,55,250.43715487175797,1
F,35-39,23,5845,49,320.05257653776584,1
F,40-44,21,7683,69,595.8042086624147,4
M,40-44,1,1537,15,77.41188058442287,0
M,30-34,43,7898,88,225.1500341377083,1
M,30-34,5,5059,57,120.40524262347321,1
M,35-39,41,9799,94,47.14086590820466,0
F,35-39,24,2163,19,139.14195809412183,0
M,30-34,20,1094,12,18.66508180844292,1
M,35-39,15,2481,19,53.51295749511725,0
F,40-44,30,8029,76,253.0667113594568,0
M,45-49,13,1632,4,23.294434685197196,0
F,35-39,38,1358,9,38.52534720878827,0
F,45-49,27,4967,60,414.56417545320227,2
M,35-39,31,8843,83,85.37108288068208,3
F,35-39,27,1670,18,30.193602219219148,0
F,30-34,50,7553,95,498.0383819387732,4
F,40-44,48,4816,51,188.75943971178904,1
M,45-49,8,5412,53,175.44202814530962,1
F,40-44,44,5242,46,52.29127053939743,1
F,35-39,21,6672,60,540.5599296063608,0
M,40-44,31,6143,58,410.192040954903,3
M,30-34,4,6754,72,119.18681926464018,0
F,45-49,22,150,1,1.1179365985028358,0
F,35-39,4,6707,78,761.3805472725511,3
M,35-39,41,5925,73,508.89316372979664,2
F,35-39,31,4321,40,178.63330701562177,2
M,40-44,9,287,2,14.332889774359913,0
M,30-34,38,7276,72,553.3309419524288,1
M,40-44,14,8082,85,672.3194784289393,4
M,30-34,6,5268,57,287.2705610111307,0
M,40-44,28,4075,35,160.43601707651197,2
M,40-44,46,6123,70,42.33367603881872,0
F,40-44,2,2592,30,279.06877781542386,1
M,35-39,18,1587,19,118.39707204920423,0
M,35-39,9,804,8,19.439699226437575,0
F,30-34,27,7446,73,674.2449713687664,3
M,40-44,28,7873,83,762.9238045458786,1
F,35-39,14,5557,60,593.8349736886747,2
M,35-39,34,4285,44,387.35564339209316,2
M,35-39,5,590,3,29.93685505287185,0
M,30-34,11,5560,45,127.10334542269902,2
M,40-44,46,8511,91,773.6247664047379,1
M,30-34,37,7976,72,598.951363216303,0
M,40-44,12,5181,44,118.53307015426671,0
M,35-39,28,8747,67,96.15549993913062,0
M,30-34,18,1179,10,98.04494879937197,0
M,35-39,2,3195,33,109.30369690171135,1
M,30-34,7,8603,85,745.7451208027534,1
M,35-39,7,3770,38,20.489902837532007,0
F,40-44,19,9698,95,66.47488851569099,0
F,30-34,46,4117,42,206.88265216985099,2
M,40-44,3,4245,44,121.78273788485657,1
F,30-34,50,9923,105,740.6166802273744,1
F,30-34,20,9294,89,522.6846372677054,3
M,40-44,2,7331,75,92.70863068347515,0
F,35-39,44,2559,29,59.30409563498006,3
F,30-34,7,5066,45,188.39106294997208,1
M,35-39,22,6583,69,156.16346392278643,0
M,35-39,15,4777,44,353.1489411479622,1
F,40-44,12,731,6,26.716003426536965,0
F,35-39,2,3982,43,59.66691760516095,1
M,40-44,47,5610,50,255.0628785792593,2
M,45-49,8,4066,37,50.429620643087084,0
M,35-39,13,7389,60,103.4942640892958,0
F,45-49,12,769,7,19.43405382987565,0
F,35-39,6,124,2,17.331026399702306,0
M,45-49,14,9535,84,779.8408008017116,1
M,30-34,6,4207,39,325.6284887175316,2
F,40-44,37,8561,83,304.9198859339726,0
M,35-39,33,2199,21,64.85306500121192,0
M,35-39,40,9694,95,543.1130109381909,2
F,40-44,21,9797,94,691.6148723560693,4
F,40-44,23,6763,59,586.285447763778,5
F,30-34,48,4257,39,68.24694875114216,1
F,30-34,36,7191,71,68.7474533415561,4
M,40-44,43,8702,92,652.8670469818668,3
M,40-44,0,9128,101,849.0206392719974,5
F,45-49,9,3986,41,350.1528497579718,1
M,40-44,42,9357,102,708.4311790557687,0
M,45-49,15,1125,7,66.94205097392594,0
M,40-44,45,3926,30,160.63635761020726,1
M,35-39,7,4665,43,394.7933451203428,0
M,30-34,48,7315,88,853.0909465249133,1
M,40-44,24,6429,65,555.619729699419,1
M,40-44,49,9168,104,358.04146049951714,4
M,30-34,11,4702,47,111.11028824753684,0
F,35-39,24,6842,69,393.792702595582,2
F,45-49,16,9297,85,408.30941093200215,2
F,35-39,25,7506,72,636.3867060598293,4
F,35-39,45,4724,46,66.71384025634617,2
F,35-39,47,591,4,11.794122329837707,0
M,30-34,13,2211,14,106.98925962098824,0
F,35-39,40,2301,19,26.64508941840484,0
F,35-39,35,9294,92,326.34809785496594,2
F,30-34,22,4619,51,213.0767884191548,2
M,40-44,42,2794,27,173.19530881832998,1
M,35-39,5,6091,67,134.15142900037557,2
M,40-44,46,4725,45,390.4084196245008,0
M,45-49,4,1610,19,90.2813735016625,0
F,30-34,42,1214,16,147.38730020584458,0
F,40-44,24,5469,45,222.51438807850576,0
M,35-39,17,2772,30,93.38647379810901,0
F,45-49,12,520,3,5.542121617598735,0
F,30-34,42,9658,108,57.84246717377821,4
M,40-44,13,1518,19,105.55442603976283,0
M,40-44,27,7975,70,106.25920345640407,1
M,35-39,17,858,12,50.65696505395432,1
M,30-34,27,8413,86,524.4350289306998,1
M,40-44,50,6769,68,212.09308939914436,0
M,40-44,26,5123,42,90.91449265408,0
M,35-39,31,8062,68,534.4701682056346,0
M,40-44,46,1695,16,151.91225818680633,0
F,35-39,8,8299,100,145.41839696886768,0
M,40-44,39,1179,15,29.67162122486362,0
F,30-34,31,1403,8,76.96096195120661,0
M,45-49,19,817,8,6.8716008577307175,0
F,35-39,27,3945,32,313.20023031134355,1
M,35-39,32,8924,74,40.26507160874711,1
M,30-34,3,3504,40,351.9940891475059,2
F,30-34,45,7379,61,208.59494238240083,1
F,35-39,33,1840,14,131.83231813758044,0
F,35-39,47,9719,107,375.67488589807266,3
M,40-44,2,935,7,47.01137038201472,0
M,30-34,25,7784,82,103.34537184766464,0
F,35-39,7,3956,46,128.89812760528395,1
F,35-39,5,4542,46,361.0978744114326,1
F,30-34,15,9780,104,574.3416234346738,3
F,30-34,23,2123,24,223.57694608744623,1
M,35-39,47,362,4,18.292553516971463,0
F,35-39,38,6319,71,622.188440741491,2
M,35-39,29,5367,52,247.78398611424936,1
M,35-39,44,860,8,78.42286918135088,1
M,35-39,12,6891,56,538.6318909042025,2
F,30-34,4,2082,23,83.41637016400355,1
M,35-39,24,9749,111,989.706510454519,1
M,45-49,19,7179,72,615.7661799635041,2
F,35-39,17,2755,21,52.530739266848784,0
M,40-44,46,8838,80,514.460704595285,1
F,35-39,17,2197,30,35.71445994309723,2
M,40-44,1,665,8,67.59001476434308,0
F,40-44,9,997,12,25.898230719398605,1
F,35-39,44,5727,58,68.01890046355625,0
M,45-49,49,4701,61,262.4269658647411,2
M,30-34,46,7916,97,580.1337507195715,1
M,30-34,11,2063,21,181.05593323267433,0
M,40-44,46,3747,31,302.4144237661514,0
F,40-44,12,540,0,0.0,0
M,30-34,49,4400,45,48.341059576203016,0
F,35-39,46,2478,23,175.18175401715274,1
M,30-34,10,5037,54,316.9338804428799,0
F,35-39,18,8783,90,427.947099842016,0
F,40-44,34,9529,101,347.243489201106,0
F,35-39,38,9875,102,537.824173480386,2
M,35-39,25,4970,46,171.00298714772254,2
M,35-39,45,2976,26,199.981931333598,1
M,30-34,13,9594,93,527.0300808512484,1
F,35-39,44,7332,80,706.404308357125,2
F,40-44,43,4426,45,254.8650235126365,1
F,45-49,23,9540,83,229.36991291853482,1
M,40-44,40,4918,38,326.24416948580415,0
F,30-34,0,7036,71,411.34424580531464,1
F,45-49,50,6912,61,150.36438160419374,0
M,40-44,42,4473,51,327.5895339237896,0
M,40-44,21,6920,66,257.28841161890205,0
F,35-39,22,8209,92,784.0105051432654,2
F,35-39,18,2123,23,110.54599289426962,0
F,35-39,17,6220,55,407.06560961112524,0
M,30-34,11,751,9,12.668345752898277,0
F,30-34,27,8163,74,315.4051154505494,0
M,30-34,27,6875,67,659.3331743146817,0
M,35-39,32,7917,74,605.3475835024352,3
M,40-44,18,4314,43,86.83581776689034,0
F,35-39,27,8018,75,235.40688525254424,2
F,30-34,48,8196,82,297.9265150991053,1
F,45-49,36,7826,65,434.1007336059377,2
M,45-49,25,8608,83,638.3903678575934,2
F,40-44,34,8769,88,670.6042449634126,1
M,45-49,33,4936,44,235.12735553607638,2
F,35-39,34,3985,43,352.7201897068848,1
M,45-49,39,4669,42,195.39415502023255,2
M,30-34,15,5241,65,108.99624907000947,1
M,35-39,37,6925,76,445.52700967405315,5
M,30-34,12,7906,65,620.5461049911834,2
F,30-34,22,5451,49,393.63854472321407,3
F,30-34,21,3072,29,173.9320284392128,0
M,40-44,15,5788,78,518.2829943186808,1
F,40-44,27,6034,53,495.0379806124108,2
M,35-39,47,1820,16,73.108104754114,1
F,30-34,34,9039,98,357.52794335559537,5
F,40-44,44,3265,31,303.2976408926323,0
F,40-44,45,6744,61,530.8652958692383,2
M,35-39,7,3026,26,92.79176540079479,0
F,40-44,43,3787,52,255.10761509629586,1
F,35-39,21,9953,94,417.6647692039645,1
M,35-39,20,802,9,17.2476805264076,0
M,45-49,25,1442,16,153.58853721961538,1
F,35-39,39,6839,73,316.8906710509027,0
F,35-39,20,727,12,105.78751542072152,0
F,45-49,24,155,3,6.896652488898954,0
F,40-44,40,4803,39,222.48613534108992,0
F,30-34,0,1996,15,10.91449738020845,0
M,30-34,5,5594,60,465.60567579011587,1
M,30-34,22,1145,5,30.093410166698224,0
M,40-44,50,7035,72,463.90327509331087,2
F,35-39,22,1832,20,19.826967685384158,2
M,30-34,42,4591,40,100.19456547927385,0
F,45-49,42,3307,39,47.039588207001444,0
F,35-39,22,6263,47,152.50024200640195,1
F,30-34,31,4919,54,348.87621094094345,2
M,35-39,29,1611,11,64.66643536116571,0
F,40-44,12,4056,61,385.24082162495966,0
M,30-34,42,9917,92,526.0456111842797,2
F,35-39,17,9364,94,290.81471453854243,4
M,40-44,22,4031,36,101.62156409179342,0
M,35-39,14,9543,85,153.17569445578937,1
F,35-39,32,5732,47,402.6101456444092,3
M,35-39,20,5832,67,425.88911171150215,2
M,30-34,38,993,9,20.44669156909711,0
F,30-34,22,4600,52,113.54143363169231,1
F,35-39,26,9187,85,747.4762482323554,5
F,30-34,44,650,3,22.6678296172546,0
F,30-34,43,6426,65,439.6789318415668,3
F,40-44,17,9659,106,462.71215629207495,3
M,45-49,23,1574,13,38.85398218839691,0
M,40-44,50,3816,39,382.3865077333012,0
M,45-49,46,300,3,24.2213278881498,0
F,30-34,39,9786,102,343.4240672190519,3
F,45-49,50,128,2,17.1037311292914,0
M,30-34,41,3173,28,215.87589833150528,0
M,45-49,6,9139,73,242.52536134039187,1
F,45-49,49,7114,61,277.6873790330302,2
M,40-44,47,8467,86,194.92396488446877,0
F,45-49,19,1259,14,21.769975102288544,1
F,35-39,26,5203,54,397.7769228467644,1
F,35-39,5,4948,40,121.65450579446932,0
M,35-39,26,2228,24,198.9735353901458,0
F,35-39,8,7660,74,736.9129241946415,1
F,30-34,44,8945,105,128.92826439482457,1
F,40-44,30,2594,33,164.79651171374005,0
F,45-49,20,5572,50,405.9797156726314,0
F,30-34,25,2420,33,263.8361060656767,3
F,40-44,39,3331,35,270.19905514504705,0
M,45-49,47,4760,40,152.61807541472615,1
F,45-49,44,378,2,9.623211858015994,0
F,45-49,12,5629,50,307.6099697371984,1
M,35-39,48,4278,40,390.0974217578377,0
F,45-49,22,6844,67,241.98383795235074,2
F,40-44,19,170,2,18.539733866620296,0
F,30-34,36,6799,74,226.35791348088736,2
M,35-39,27,1014,9,89.06586679800174,0
M,40-44,16,4274,41,281.567706019347,1
F,30-34,27,3725,25,122.58397658515585,0
F,40-44,40,5744,68,430.25021652908873,0
M,40-44,1,2126,18,55.60282990587537,0
F,30-34,24,6915,69,214.22096359876636,1
F,35-39,49,5693,62,97.88362632381786,1
F,40-44,40,8574,77,121.9277927714992,2
F,35-39,5,5299,56,212.9613664614608,0
M,30-34,10,1366,13,100.71265152020189,0
M,30-34,37,1246,10,62.75726092182544,0
M,35-39,5,3220,28,41.28749304805154,1
F,45-49,44,9671,100,859.6246987271154,2
M,30-34,10,405,6,37.277954738433785,0
M,40-44,13,9768,104,1001.3253098633622,3
M,30-34,1,78,0,0.0,0
F,35-39,39,1063,10,21.641612051897194,0
F,40-44,2,9069,84,420.0791231216421,2
M,40-44,34,2074,28,186.50036094755632,1
M,30-34,32,8540,81,62.24968745795783,2
F,35-39,23,5889,63,40.42379309665253,1
M,30-34,18,5841,65,112.40635286961569,0
M,35-39,17,804,9,26.01730919638775,0
M,40-44,48,9011,74,338.9730338350349,2
M,30-34,23,3785,30,153.92053502153968,1
M,35-39,44,1288,10,18.112622849100195,0
F,35-39,34,1956,21,144.84162003360825,0
M,45-49,0,7449,75,462.24836895878104,2
F,45-49,35,8011,88,290.1719866312099,3
M,30-34,24,9806,102,64.23642704879795,4
F,40-44,44,9460,96,118.81489880220116,2
F,35-39,48,4651,52,219.49721910235468,2
M,35-39,42,9599,102,200.20114627954771,0
F,40-44,33,1510,22,89.7552976849259,0
M,45-49,24,7719,69,446.2736972565378,0
F,45-49,15,1466,15,85.4813334727979,0
M,35-39,33,7816,84,226.47835474364058,0
M,35-39,28,1478,12,45.19576400349778,0
M,40-44,18,4428,39,246.99855902522506,1
F,35-39,22,7579,74,642.1810847145445,1
F,35-39,18,4524,46,352.1542727288894,2
F,35-39,24,3121,29,166.9617073926058,0
M,40-44,15,605,8,31.53426787205295,0
F,30-34,50,8597,86,341.246893751655,3
M,30-34,8,1613,21,185.94375339774703,0
F,45-49,0,1090,13,11.346581641007482,0
M,30-34,41,2736,26,257.0317131718044,1
M,35-39,18,2603,22,149.8544608679765,2
M,30-34,32,1829,17,118.50373840019108,1
M,30-34,33,125,0,0.0,0
F,30-34,15,4376,40,250.10112445868344,1
M,30-34,43,5885,59,301.2181026806955,0
F,45-49,39,5107,50,75.24498077468182,0
M,35-39,17,2399,22,69.08570025079604,0
F,45-49,33,2823,21,188.1177340146234,0
M,35-39,24,2312,17,97.32312916235139,1
M,35-39,44,3279,27,119.5413515321076,0
F,35-39,5,442,1,1.190480480487704,0
M,35-39,20,1158,12,87.40985412386283,0
M,40-44,5,4412,39,279.90623006823006,1
F,35-39,31,5238,53,335.6709561106857,3
F,35-39,40,8852,82,438.49460140588576,1
M,45-49,47,5107,53,244.91044651141212,1
M,45-49,42,4048,35,214.76263841850744,0
F,45-49,38,8914,103,279.877449516246,0
M,35-39,30,6616,72,679.8211998975111,1
M,40-44,41,3727,33,201.087084898002,1
M,35-39,9,5846,56,193.55438039652833,0
F,35-39,29,6413,65,310.1773079215846,0
F,30-34,17,8173,80,652.3204395464381,0
M,35-39,23,8272,80,162.82820615502604,2
M,30-34,8,7740,66,216.60793528258327,2
M,35-39,30,1450,12,83.46391459196732,0
F,45-49,14,4121,49,171.36022561747524,1
M,30-34,3,8858,78,626.2437462593463,3
M,30-34,39,2836,26,45.22201133280812,1
F,30-34,8,7219,78,604.1504523068648,3
M,45-49,44,920,11,12.642754201884172,1
F,35-39,8,4246,38,23.54593317296562,1
M,35-39,25,9654,88,794.9148617436875,1
M,40-44,3,2789,27,162.6135091431346,1
M,40-44,16,990,9,34.58119970092238,1
F,35-39,15,390,2,5.4192981023131575,0
F,40-44,14,7472,60,381.6248964586652,0
F,40-44,34,4183,42,224.09187123115856,3
M,40-44,4,709,14,138.88250414548804,0
F,30-34,4,9802,98,964.3740835746372,4
M,45-49,19,3507,35,228.6456682420852,0
M,35-39,14,9898,97,456.60517137657814,0
F,35-39,17,3025,24,123.98014096270296,0
M,35-39,46,9291,95,663.4373572787679,1
M,30-34,1,503,8,11.719665361888984,0
M,30-34,28,9946,97,351.0764360165768,2
M,40-44,12,8234,86,104.49742089994436,2
M,30-34,3,5492,57,68.22485127841193,4
F,35-39,41,868,8,18.883782383961766,0
M,35-39,44,4918,46,235.05567225724013,1
F,30-34,9,62,0,0.0,0
F,45-49,30,7777,65,332.2937127949263,1
M,30-34,40,970,9,33.18325020295437,0
M,35-39,7,4970,42,53.858843144366496,0
M,35-39,2,2468,24,137.46737928575354,0
F,30-34,47,9556,95,292.31989930106704,0
M,30-34,45,6525,59,374.17060672256116,0
F,40-44,8,2067,22,215.23223747867544,1
M,45-49,29,8007,83,129.2713424850483,1
F,30-34,10,9470,109,274.15585037656876,4
M,40-44,34,4842,41,204.77032258970644,2
M,40-44,36,6880,72,698.5318496966158,4
F,40-44,41,2484,27,211.46920761325387,2
F,35-39,12,2918,27,243.89578804626592,0
M,35-39,35,1488,20,73.40582121040066,0
F,35-39,12,3593,32,317.57969602869275,0
F,40-44,11,1831,8,11.815294020875962,0
F,40-44,36,6393,88,88.2853494545403,3
F,30-34,9,2313,17,146.67982426922552,1
M,35-39,8,261,2,18.618032533932737,0
M,45-49,6,8749,95,129.25328518535682,3
M,40-44,1,6209,57,89.92095158287317,0
F,45-49,22,7077,67,54.61535141155003,0
F,40-44,38,381,5,7.464109225529394,0
M,35-39,39,6910,68,169.28520165298144,1
M,35-39,38,8094,95,922.9941485662758,6
F,40-44,20,8219,81,554.4184410134342,0
F,30-34,22,8792,76,600.1152844243874,3
F,35-39,28,5770,75,590.4993251302095,1
M,40-44,13,9183,95,530.4040591757412,3
M,30-34,25,777,9,72.68530759446297,0
M,40-44,50,5025,47,289.5280632121215,2
F,35-39,4,3293,31,108.13382574418883,0
M,45-49,30,698,8,46.64436826639846,1
F,30-34,24,5145,61,339.66822566495057,0
M,35-39,30,6664,69,574.2734767392348,0
F,40-44,49,7185,75,736.980642384432,1
F,35-39,19,1059,12,52.858852457986075,1
F,40-44,43,1600,17,131.7875945682796,0
M,40-44,16,9045,84,121.61087722243056,3
M,30-34,44,7542,56,441.2742885464895,2
M,35-39,1,3451,37,149.0530445656211,0
F,35-39,24,7497,73,63.817077963997704,4
F,35-39,12,5474,72,284.4603861365292,0
F,45-49,38,4291,59,371.7652618915819,3
F,40-44,27,3211,34,55.5178041611137,0
F,40-44,41,4205,30,278.34983034262257,0
M,40-44,5,7528,88,108.93413749609304,1
F,35-39,2,8769,95,886.8310646494325,1
M,45-49,34,9265,83,599.0779328922888,1
M,40-44,17,6667,70,254.25859665044538,0
F,40-44,10,5710,57,240.09131328447396,0
M,45-49,19,8674,77,580.4020503020023,0
M,35-39,4,1226,8,49.71180366697176,0
F,40-44,18,8006,84,577.9710513210463,3
M,30-34,21,8642,85,356.7504278346351,2
F,35-39,18,2283,24,123.22147385213258,1
M,35-39,46,4750,47,465.4758316229194,1
M,45-49,15,5956,52,131.67789802686056,1
M,45-49,23,7910,95,424.6152083362236,2
M,40-44,40,7576,67,219.24545889083018,1
F,40-44,3,5609,57,442.80788290317867,2
M,35-39,14,6782,76,589.6171157306503,0
F,45-49,24,2563,26,85.23402886635678,1
M,35-39,43,7880,69,87.8513525529203,2
F,35-39,34,6994,59,35.908015274770364,0
F,30-34,13,7960,82,373.98396539589623,2
F,40-44,48,5699,58,255.09601447900974,0
M,40-44,18,1146,11,108.78674231786567,0
M,35-39,37,9170,79,392.0864578111085,0
M,30-34,35,2001,18,52.84754119739693,1
F,40-44,6,9796,99,887.7012892900951,3
M,30-34,29,9236,99,511.3494066491906,3
F,40-44,18,7849,69,427.25962888053374,0
F,45-49,48,8854,79,111.29936717637362,1
M,35-39,24,645,5,20.688529348164266,0
F,30-34,15,7925,61,577.6776193575595,0
M,40-44,46,9083,91,555.1274046196553,2
M,40-44,39,4489,48,181.0928459449625,0
F,35-39,50,6022,51,328.63574901600686,0
F,45-49,7,908,8,73.19124280793683,0
F,30-34,17,5569,56,173.7629994514179,1
M,35-39,27,7435,72,381.49983543394126,0
M,40-44,15,8686,88,845.4653866702274,1
F,45-49,18,4367,37,79.0972443694061,0
F,30-34,41,3504,41,300.80909901991913,0
F,40-44,16,1080,7,44.36298704549832,0
M,35-39,44,9537,89,619.1653233794068,1
F,35-39,12,7956,80,306.92691930735293,2
M,30-34,6,1497,8,27.854832384766134,0
M,45-49,26,2900,27,188.99978050591702,1
F,30-34,9,8156,84,214.00354151342717,2
M,35-39,33,7201,63,282.6633647981145,0
F,35-39,35,9553,95,217.3276180627585,0
M,45-49,24,7002,84,48.627263216417134,3
M,40-44,5,4105,44,427.48397649591305,0
F,40-44,23,5452,49,225.45773656456305,0
F,35-39,17,9331,97,941.7556696878689,0
F,40-44,22,1722,17,31.162248442503913,0
F,35-39,5,4582,46,279.6792826229214,1
F,40-44,28,4974,48,115.64415895280524,4
F,45-49,24,6135,47,376.26809768910215,2
F,30-34,16,7784,82,651.5046282447997,1
M,40-44,45,4914,50,78.4883957936731,1
F,30-34,23,9366,94,861.4735564186155,1
M,35-39,10,1271,11,25.838798132736972,0
F,35-39,25,2910,29,183.37525760786878,0
F,35-39,50,8478,82,808.8085900483214,0
M,35-39,33,9386,101,897.159475108326,0
F,40-44,27,3303,33,316.3827916039265,0
F,35-39,2,3832,31,116.39533812373617,0
M,40-44,10,7007,74,111.21967648028274,4
F,35-39,37,816,8,18.314362369998207,0
F,30-34,13,2731,33,173.40514960651845,3
M,40-44,50,7760,84,674.9972832621112,1
F,35-39,25,7532,95,183.0136638759474,2
M,35-39,47,5136,51,345.1399273803368,0
F,40-44,20,8014,80,285.918979070029,0
F,35-39,38,2715,22,82.31123312996009,0
F,30-34,29,3563,21,142.5525871665063,2
M,35-39,7,545,7,34.555461398959146,1
F,45-49,50,5872,74,607.8594049972737,0
F,40-44,19,2122,22,43.58696851953085,0
M,40-44,47,7845,86,688.3877363996704,1
F,40-44,31,8579,90,99.92113708909484,1
M,30-34,21,3999,30,70.30535586999743,0
F,35-39,6,6083,64,430.93902641792454,0
M,40-44,8,8378,63,543.1730054218762,1
M,30-34,44,2605,35,101.51597622333355,0
M,35-39,0,6420,67,241.75745711010308,1
F,35-39,28,4465,42,235.31117856640927,0
M,35-39,7,6009,51,128.00702474406697,1
F,45-49,3,9157,97,795.9804950528865,5
M,30-34,34,6043,68,533.7692726737215,1
M,35-39,2,5071,64,120.33736087519522,3
F,30-34,44,2957,33,161.91062092451418,1
F,45-49,39,2964,28,220.1041859301293,2
M,30-34,6,3920,43,159.29911345574493,2
F,35-39,26,9240,96,625.3934223185713,2
F,40-44,0,5135,45,43.96610942311234,2
F,40-44,26,6596,62,389.5176799517683,0
M,35-39,15,445,2,3.900406620011533,0
M,35-39,37,988,6,50.343249531523725,1
F,35-39,6,9878,92,356.6628311693382,3
M,35-39,43,2560,32,101.5923742693715,2
F,30-34,22,4686,45,381.9800375441598,2
F,35-39,40,1699,21,20.503732602826137,1
F,35-39,10,3740,41,174.9791273407273,1
F,35-39,41,3485,33,132.49610997027233,1
F,40-44,32,3251,32,102.57931377186345,0
M,45-49,49,4229,46,421.4366430846455,2
F,40-44,35,8455,79,603.0717593343,3
M,30-34,36,3287,32,35.43264191434939,1
M,30-34,40,3912,31,225.975453858594,1
F,45-49,16,108,0,0.0,0
F,35-39,34,4988,39,353.2715548757851,0
F,30-34,47,3021,22,76.40563402580692,2
F,35-39,4,9769,81,482.31765869957405,2
M,40-44,47,8364,74,389.03095814291316,1
M,40-44,31,9678,115,592.3452900536593,1
F,35-39,2,9404,98,473.63412695052494,3
M,30-34,46,3395,30,73.60440052670016,1
M,45-49,34,2536,28,215.01883938297647,1
M,35-39,13,611,8,38.30153848818594,0
M,40-44,47,4031,49,470.689326013713,0
M,40-44,30,6311,65,193.54920379153936,1
M,40-44,30,1787,24,167.66559543496538,0
M,35-39,16,9146,104,981.4284746834392,3
M,35-39,23,3604,33,224.49418426554502,0
F,35-39,22,9968,111,974.2572810825426,3
M,45-49,17,9176,74,618.7191147091753,1
M,45-49,49,7145,70,274.4782808001876,1
F,30-34,13,8316,83,514.697726642293,4
M,30-34,49,344,3,5.9534481846236345,0
F,45-49,14,8262,71,396.71220787818186,2
F,40-44,14,9280,94,252.76682083020313,0
M,45-49,5,5380,62,469.06098400699045,0
M,30-34,26,4705,44,242.72842035090807,1
F,35-39,14,1159,13,57.28657928501007,0
F,40-44,49,3821,39,119.08932412986519,1
M,40-44,35,8613,86,858.9366596643314,2
F,35-39,7,6173,50,59.06249742034302,0
M,30-34,14,7697,77,70.36463783872524,0
F,35-39,2,1224,7,17.94761713284199,0
M,35-39,46,1214,13,126.42744864053573,1
F,35-39,12,9334,96,941.0652095078258,2
F,45-49,40,9525,101,678.9031615138645,2
F,35-39,33,9087,95,841.7962671537803,3
F,40-44,23,8762,94,238.06782564083028,2
M,30-34,39,4516,36,350.43839620840527,0
M,40-44,31,5588,65,120.66964496118118,1
M,45-49,31,7161,75,109.55169657943152,2
M,30-34,29,8484,84,131.54480831932378,2
F,30-34,48,2850,26,154.56259704832348,1
M,35-39,12,4657,48,380.1243267274319,3
M,30-34,0,7312,78,310.7003788051031,0
F,40-44,33,1591,16,156.64019014349122,1
F,45-49,14,2815,18,83.28584361823434,0
F,35-39,43,4541,43,82.95823299085885,1
F,35-39,13,3133,40,197.06736431073196,0
M,35-39,28,5406,47,326.6900943611194,0
M,40-44,33,1907,22,184.93518812541512,1
F,30-34,17,819,9,43.7246887912887,0
F,35-39,6,1472,18,110.50676725440763,0
M,40-44,28,8648,95,288.77860272336517,2
F,40-44,30,3022,38,252.17586603239056,0
M,30-34,24,1922,24,236.80160322067837,3
M,40-44,37,5649,55,53.13049167712229,2
F,30-34,13,2319,23,205.20695154907918,0
F,30-34,7,5325,39,227.82566727536718,2
F,45-49,26,4799,54,156.32661235545987,3
M,40-44,1,6621,63,603.0014914405409,1
F,30-34,16,9423,93,473.5435267525372,3
M,30-34,36,5122,54,197.15709910844683,1
M,30-34,13,9681,81,180.16242495441227,2
F,35-39,24,5513,64,180.62694383605054,1
F,30-34,29,7500,68,572.0204808680719,1
F,30-34,28,8470,77,487.9409218155068,1
F,35-39,19,4009,35,321.15416847986506,0
F,40-44,20,1363,16,43.259204727983445,1
F,40-44,21,7897,79,130.41449967360055,1
M,40-44,34,1120,14,7.80964161975347,0
M,30-34,36,9216,94,500.5207995910825,4
M,45-49,15,9980,108,1078.2629105719197,2
M,40-44,49,3335,36,255.67812193597453,1
F,40-44,48,8999,75,257.23114677516656,4
F,40-44,42,3145,31,273.7348527012076,2
M,45-49,16,370,6,47.5581691613137,0
M,35-39,15,2371,20,12.92888155454246,0
F,30-34,1,605,3,24.78052369541914,1
M,40-44,3,4989,44,147.62018452569134,0
F,40-44,20,5482,65,124.92336438037368,1
F,40-44,38,1436,11,29.15157275252429,0
F,35-39,33,4813,50,247.57540707819103,0
F,30-34,29,6904,77,349.2908886502501,2
F,35-39,5,7687,84,272.5320649006329,3
M,45-49,16,4891,40,85.44296243867242,3
F,35-39,38,3917,38,294.1653150608231,1
F,35-39,24,3843,43,425.9598466557136,0
M,35-39,4,7423,54,426.00708075530116,0
F,35-39,4,2563,15,49.67101789319462,2
F,45-49,19,3853,40,113.02740533661068,0
F,40-44,15,2377,22,56.49216809778109,0
F,40-44,50,8859,93,167.27009831106355,4
F,35-39,40,2215,30,172.12920666230585,1
F,40-44,36,3358,38,237.54953427515724,0
F,30-34,39,6502,65,468.14789295948725,3
F,40-44,8,8117,87,605.6963510766766,6
F,35-39,4,7692,67,219.57015263187293,0
F,35-39,41,6454,65,236.46704583255274,3
F,40-44,1,1042,9,62.769492780319894,0
M,45-49,8,5474,54,206.26663972200134,1
F,30-34,42,9619,94,236.87250833004651,4
F,40-44,35,4431,44,178.47251224523714,3
M,35-39,21,3224,30,92.54398490972363,0
F,35-39,21,4832,55,73.6433968367069,0
M,30-34,21,9547,108,905.7225137358465,0
M,35-39,33,5610,53,456.0415844405678,1
F,35-39,28,7510,62,160.43292679829202,0
M,30-34,37,3128,41,45.72877171506608,0
F,35-39,45,3033,39,293.235565538612,0
F,45-49,32,7309,69,173.15701425346768,1
F,30-34,17,6104,62,262.7335032783107,0
M,40-44,6,2573,30,33.27854688765423,1
M,35-39,0,9727,91,241.1100560236672,1
F,40-44,32,4631,50,401.628582206577,0
F,35-39,0,5659,55,447.797143513193,2
F,30-34,23,2051,17,41.94419921936523,1
M,30-34,3,1437,4,14.764726114054202,0
F,30-34,3,6602,69,122.4932837159489,0
F,30-34,17,1080,7,8.432479913947338,0
F,40-44,26,1270,10,99.2563128725989,0
M,45-49,42,6085,64,430.6011223568622,2
F,40-44,31,9860,82,463.2931806654903,1
F,40-44,32,9505,97,753.9068681234836,1
F,30-34,27,6573,62,525.8054470560695,1
M,35-39,41,8124,73,595.9566916390186,2
F,35-39,40,9113,93,61.11260344760598,4
F,30-34,35,884,12,27.296100393716827,0
M,35-39,5,9160,87,584.7792322003874,2
F,35-39,15,1774,20,81.39427608275295,0
F,35-39,33,6648,57,560.5143555495894,1
M,35-39,22,2463,24,163.71229272152192,1
M,40-44,49,9555,105,1006.6575364573835,1
F,40-44,41,6043,64,154.47946084064264,3
M,35-39,23,4548,56,487.62513895719223,1
F,45-49,48,2155,31,110.13825406258387,2
M,45-49,12,2618,32,316.82770170429325,1
F,35-39,17,9380,100,199.80423846948995,0
M,35-39,12,259,1,5.405228278964103,0
F,35-39,48,9306,92,738.9461225736445,1
F,45-49,36,4961,49,225.8950747211787,0
F,45-49,42,2270,18,89.04237429208759,0
F,30-34,38,283,1,9.87038005730454,0
M,35-39,41,842,7,31.7829919950267,1
F,35-39,16,3160,29,180.921863715042,0
M,35-39,14,2216,20,20.362535528278634,1
M,30-34,17,8576,80,680.0796609597976,4
M,45-49,22,9601,102,679.0748394611776,4
F,40-44,50,5243,52,225.5859308142299,0
F,40-44,29,1264,10,6.536106295679376,0
F,45-49,33,4469,48,293.8009821906378,0
M,40-44,3,7364,67,41.55670783016924,1
M,35-39,2,8525,91,46.54052422434598,1
F,40-44,6,262,3,19.058809021256607,0
M,30-34,17,1708,17,39.02625637453051,0
M,40-44,41,5074,44,102.20899578216384,1
M,30-34,6,9659,88,590.1350290361737,5
F,40-44,39,5967,60,60.607397125443335,0
F,30-34,5,5191,65,226.02793421053855,1
M,30-34,21,1844,12,23.035236844190173,0
M,30-34,0,6038,61,366.71220629709137,0
F,30-34,3,8346,70,475.0738278937182,2
F,40-44,45,5628,73,536.6077144709367,1
M,40-44,48,5601,41,119.91255898978123,2
F,35-39,49,3895,45,60.654268824639665,0
M,30-34,42,6956,63,78.59216867972584,1
M,30-34,28,428,3,13.645319130845628,0
F,30-34,20,3343,37,350.96430978554434,0
M,30-34,25,3379,40,102.73703301386934,0
F,45-49,13,4858,51,149.89130584998065,1
M,30-34,8,7987,79,115.21704598044712,1
M,35-39,46,274,1,6.252917601992338,0
F,30-34,11,787,13,90.4642999324761,0
M,30-34,41,285,4,26.43138591010888,0
F,35-39,50,761,8,69.44589847140338,0
M,40-44,50,6038,57,291.8995896666179,0
M,30-34,5,1938,22,39.10152152031647,0
M,30-34,19,7223,64,207.9583194682829,2
F,35-39,23,1309,13,88.31010171753695,1
M,30-34,26,5296,58,366.83020753159946,0
F,30-34,37,7321,75,415.83972994186075,1
M,45-49,7,798,7,48.917133842797696,0
F,40-44,0,3601,38,249.09809698476107,1
M,35-39,48,6450,61,541.2277734449394,2
F,35-39,48,6693,66,400.43226867889194,0
F,35-39,23,8751,91,718.6008745966311,2
F,35-39,46,1873,15,42.94076972522167,0
F,40-44,6,6902,69,479.048684198134,1
F,40-44,18,7827,80,725.6675299708336,3
F,30-34,21,4282,53,220.71622709756605,1
M,35-39,34,6569,65,513.5968356816143,0
M,35-39,29,1827,17,125.55347214306282,2
F,45-49,28,1272,16,17.047981924517018,1
F,40-44,21,7680,62,373.5083943685786,2
F,35-39,10,1827,21,36.47277516556008,0
F,30-34,19,9546,103,998.0218100276335,1
M,40-44,28,7540,79,648.4613307768425,4
M,30-34,50,4909,55,84.83068615162026,1
F,35-39,40,8943,101,167.32104174294744,3
M,30-34,41,8168,87,534.8326410852795,1
M,40-44,33,3039,26,98.18762602077628,0
F,30-34,0,8393,95,79.00253781348113,5
M,35-39,30,1375,16,90.32950919062407,0
F,45-49,29,9543,112,468.66718606574113,1
M,30-34,47,9953,112,163.5453878835342,1
F,35-39,17,5177,52,422.14867377445546,1
M,35-39,16,9048,97,891.7432392044198,0
M,30-34,37,2772,29,222.94162882089282,0
M,40-44,13,4706,55,457.2156569835049,1
M,30-34,22,1375,16,40.90656622444984,1
M,35-39,24,4183,37,111.14589224788826,0
M,35-39,14,9401,100,248.10116328422836,5
F,40-44,45,2919,38,295.1878987229686,0
M,40-44,21,1292,6,57.031273499266334,0
F,35-39,2,8589,98,716.3754394692634,0
F,30-34,18,1881,18,159.73081679440406,1
F,40-44,43,1619,16,105.08226242224222,2
M,35-39,33,7296,79,330.43875536937867,3
F,40-44,34,1968,18,81.80523615308219,0
M,40-44,49,6466,66,80.22653796896283,1
M,40-44,0,3282,34,27.160674064466424,1
F,35-39,20,3808,39,277.1737113520532,2
M,35-39,28,6047,57,265.9092450240543,4
F,40-44,5,2405,28,160.88920810253146,0
F,35-39,36,9639,82,475.41811189786233,5
F,30-34,0,1874,16,50.16112362666181,0
F,45-49,50,7330,70,351.4685197016113,1
M,45-49,0,4110,47,233.69443897462904,0
M,35-39,26,5374,50,209.50293008323206,0
F,30-34,20,454,6,49.778496853861014,0
M,35-39,15,1771,17,81.36298659554673,1
M,40-44,43,5366,56,349.13888703718555,2
M,45-49,39,3895,38,342.2827634574782,1
M,30-34,25,4260,39,340.43955726923076,1
M,30-34,15,114,1,8.959010935902068,0
M,45-49,27,9541,110,337.1552213059396,2
F,35-39,0,6432,62,51.604685613449014,2
F,35-39,35,9657,81,241.3909025194558,2
F,45-49,9,1018,8,25.18175826717386,0
M,30-34,42,418,3,27.41676931166159,0
M,40-44,16,8474,82,546.7600888807791,3
M,30-34,22,2292,32,40.83800371907754,0
F,35-39,6,5052,40,71.44386648421843,0
F,40-44,43,3133,38,75.19908132065312,1
M,35-39,6,8123,76,493.1645021779625,1
F,45-49,43,9162,100,748.643324231653,4
M,35-39,14,8930,94,814.6620121348986,1
F,35-39,33,1519,15,141.54070848988962,0
F,30-34,45,4775,50,120.80966475855983,2
F,35-39,44,4309,39,134.27070559026018,1
F,35-39,3,3672,40,111.32269468303565,1
F,30-34,13,873,8,31.26587912742647,0
M,35-39,13,3481,30,275.67955561576855,0
F,35-39,15,6578,70,417.4498570146754,2
M,40-44,6,4201,48,360.6155051799716,0
F,40-44,31,4263,52,268.1189026466303,2
F,40-44,18,7470,77,59.6095636053751,2
F,30-34,1,9039,92,102.10685476208972,1
M,30-34,9,829,10,56.10268797044915,0
F,40-44,49,2942,29,212.52637909291707,1
F,35-39,16,5584,63,160.3753207259458,0
F,30-34,36,3356,31,228.10236954073355,0
M,40-44,11,2952,31,254.24107029089438,0
M,40-44,5,3768,37,163.2819636442821,1
M,35-39,21,71,2,15.181965424037994,0
M,30-34,31,1550,17,73.75083697804627,0
F,40-44,40,9084,87,604.156795244574,3
M,35-39,19,3691,23,178.43335527632016,1
F,40-44,0,5262,42,416.77872070493623,1
M,40-44,46,241,2,7.5625365792083254,0
M,40-44,5,8637,82,361.20076806762233,1
F,35-39,18,7224,78,161.72446402293696,3
F,30-34,17,5164,55,134.1281730149441,1
F,40-44,5,4712,40,283.4901009873835,2
F,40-44,44,4376,53,488.2324546427787,1
F,40-44,32,9115,87,369.6409925480153,1
M,30-34,22,4385,40,88.34088979750567,1
F,30-34,22,8331,90,288.7600719724599,1
F,45-49,25,8698,86,414.77724282824926,2
F,40-44,12,9246,97,316.334278510187,2
M,45-49,6,5544,57,154.98307351049058,2
F,40-44,14,8586,104,779.1526748919946,3
M,35-39,43,2761,31,17.810329305363528,1
M,40-44,26,7645,75,421.70175072724425,0
M,45-49,25,6323,52,418.1208026726984,4
M,35-39,32,6334,63,190.83762936100473,2
F,40-44,14,9358,89,554.5829722224606,3
F,30-34,35,8867,94,644.3277943174257,1
F,35-39,44,4044,52,349.58220002411446,1
M,40-44,26,1728,16,75.76914439820509,0
M,35-39,4,8464,88,333.73919786415144,2
M,30-34,1,793,9,75.97150824387806,0
F,35-39,32,512,5,38.52618295749355,0
M,30-34,15,1618,19,67.4865588012112,0
F,30-34,22,1786,20,29.573646944019156,0
F,35-39,37,7953,67,79.20550267604115,1
M,45-49,15,7052,81,113.04536499323129,3
F,35-39,13,8906,97,585.6141163384674,0
F,30-34,28,1406,13,12.880278714880227,1
F,30-34,25,1064,12,44.409663745900374,0
F,40-44,34,1104,13,99.52016318640732,0
M,35-39,14,1814,20,65.92615163792183,0
M,40-44,2,6059,59,457.33417725946276,2
F,40-44,22,4508,53,401.84265373725236,1
F,40-44,28,9654,100,283.5357760015555,4
M,35-39,33,717,8,59.39048568704865,0
F,40-44,32,3420,29,220.51246384396376,0
F,35-39,40,6026,63,269.3761745117156,2
F,45-49,40,1444,19,47.480897315344045,0
M,40-44,22,8340,79,430.7137405723477,2
F,35-39,6,4120,46,425.6507459560858,0
F,35-39,2,7032,70,460.3451270673212,1
M,30-34,31,8663,88,188.56320801639038,3
M,40-44,30,5649,46,321.3647761085482,3
F,30-34,17,3700,33,150.42814905285513,0
M,35-39,42,9374,94,575.2352160383481,3
F,35-39,6,9944,92,687.5719666101963,1
F,40-44,40,3670,33,177.93599469977846,1
M,40-44,0,3240,34,279.9168237871787,1
F,40-44,13,8839,99,728.6873223472885,1
M,40-44,31,441,3,19.029590190527554,0
F,30-34,5,1125,12,23.19038100488807,0
M,30-34,38,2700,20,168.83033107319795,0
F,40-44,9,2434,17,159.6487520291503,0
M,35-39,6,859,7,12.608180733318106,0
M,35-39,25,8097,84,431.61642128787764,6
F,30-34,33,5551,54,159.8099246308688,0
M,35-39,29,6945,61,467.7462566531147,1
F,30-34,35,1209,16,117.6877046727144,0
M,45-49,20,7624,85,156.26473486059695,4
F,30-34,16,1581,14,123.64462707779774,0
M,35-39,32,5531,59,130.9354023596703,1
F,30-34,9,7598,78,629.7689380052477,1
M,40-44,50,5026,47,227.54173057390418,0
M,35-39,46,5745,54,195.40368659533158,0
M,45-49,41,8495,97,194.31748055428778,1
M,45-49,50,3598,39,81.60108190232619,0
F,35-39,11,6213,59,400.48965590985466,1
M,45-49,15,6721,61,349.47440981535635,1
F,45-49,40,5314,54,89.62982130708238,1
M,40-44,31,1281,7,10.994407719148626,0
M,40-44,14,2473,24,28.48681104819645,2
F,30-34,26,8121,76,575.0000248036988,3
F,35-39,27,4311,39,283.2523125774516,0
M,30-34,16,9815,95,100.23396924625406,1
M,30-34,45,2958,35,203.78980013599352,1
M,45-49,49,4762,47,61.30790331586104,0
F,35-39,1,6805,64,581.4774285302366,1
F,40-44,35,9867,93,847.938239845647,1
M,40-44,49,3933,40,285.3285361289894,2
F,45-49,6,3565,38,353.3542006396415,2
F,45-49,12,3453,37,303.72574019041224,1
F,30-34,14,4648,47,393.4424741514276,1
F,30-34,24,5058,40,236.48898321657464,2
M,35-39,22,6272,67,228.30667966459595,3
M,30-34,21,4059,41,105.33275533784621,3
M,30-34,25,2785,31,111.86040649046464,0
M,35-39,32,4541,47,304.1232095347662,0
F,40-44,10,8643,92,196.90181231751666,2
F,35-39,9,1024,10,29.57082248054555,0
M,35-39,24,273,3,14.839734589670735,0
M,40-44,36,4663,51,138.41277273517625,0
M,30-34,47,6827,73,444.72438494808875,3
F,30-34,42,8477,71,658.1822311937946,3
M,40-44,37,4261,34,258.6328651221099,0
F,40-44,40,275,3,20.49315850324402,0
M,40-44,44,8233,76,458.72490566028824,2
M,30-34,23,4327,53,272.18177231093216,2
F,40-44,39,1391,14,31.81299333140974,0
F,40-44,45,4086,45,404.98871969498504,0
M,35-39,32,8451,72,205.99862537678004,1
F,40-44,16,3777,31,42.39046444676834,0
F,45-49,23,3978,34,259.25490289086855,1
F,35-39,36,2853,35,75.89216516511283,0
M,35-39,1,9351,115,463.79637949873484,7
F,45-49,31,6608,67,51.503356857208594,0
F,40-44,23,443,3,5.40643636240277,0
F,35-39,8,6889,65,139.4532419942457,1
M,40-44,3,9085,90,91.52065922640216,2
M,35-39,16,9766,87,586.2269746487816,1
M,30-34,16,8845,71,600.0617582692026,2
F,35-39,49,631,10,40.46496360476439,0
M,45-49,47,182,1,8.808476528822906,0
F,45-49,29,2888,29,73.27698129131485,1
F,35-39,39,3435,34,122.10110681028034,0
M,35-39,10,3820,42,81.14406021943618,1
F,30-34,20,2318,20,127.90624712960974,1
M,45-49,20,1025,7,31.421327792875406,0
F,45-49,17,7655,64,404.8762748798744,1
M,40-44,28,7263,62,479.62651927717417,3
F,40-44,23,9785,86,488.83936409891885,1
F,40-44,9,2885,36,232.64958137641145,0
F,35-39,44,2788,30,281.5463396023849,3
F,30-34,16,9599,92,307.38220659812885,1
F,35-39,17,4184,53,207.3390431021954,0
F,40-44,41,9558,91,665.9545561977218,3
F,40-44,47,6883,68,428.90336401777984,3
F,35-39,19,8403,73,160.31256929829223,1
M,45-49,36,1959,15,61.10099167649486,0
F,30-34,44,9369,91,449.94596234631604,3
F,35-39,17,9900,106,475.32556683416806,3
F,40-44,16,2013,23,50.45304561836591,0
M,40-44,8,5203,56,519.7968088292275,0
F,40-44,13,1016,10,77.4202823609277,0
M,35-39,48,939,9,45.65592364522137,1
F,30-34,28,3111,21,146.1721751472139,1
M,40-44,30,6511,70,631.6929769701221,4
F,35-39,3,6216,56,100.44464373635589,2
F,30-34,17,7017,74,213.0122546470053,2
M,40-44,19,9908,81,458.1086097639884,1
F,35-39,46,8151,90,728.1538675062666,3
M,40-44,42,7429,68,57.42066245522669,2
F,40-44,43,9683,101,994.6654151134079,2
F,30-34,8,7330,85,409.83708182753566,0
F,30-34,12,1117,18,70.42852504631463,1
F,40-44,14,4273,37,121.39263990067981,0
F,40-44,26,9068,95,204.85692865491166,1
M,40-44,14,4657,50,400.9976067417632,1
M,40-44,27,4035,41,392.6338171686046,1
F,40-44,36,3229,21,93.02212859165695,0
F,45-49,18,4588,49,467.85183340773386,2
F,35-39,25,2412,34,283.08662978551604,0
F,35-39,25,2274,24,121.67965706460058,0
M,35-39,24,6421,67,462.5176630137835,1
F,30-34,25,1776,15,69.48524553179097,0
M,35-39,25,5841,48,278.7778741449239,3
F,35-39,45,8123,82,86.21809653741447,3
M,45-49,27,8508,75,533.5877261516299,4
M,35-39,48,7063,57,57.104544988160036,0
M,35-39,17,887,6,49.57384197442002,0
M,35-39,31,4634,42,350.15382485476243,1
F,30-34,2,736,4,11.008936927136155,0
M,30-34,1,406,5,17.87398209920051,0
M,35-39,32,9113,88,446.3754764747332,2
M,30-34,41,4697,39,240.5636070184844,3
M,40-44,18,4468,45,145.3436903947036,0
M,45-49,16,6692,61,373.84587148420053,1
M,45-49,43,3441,31,103.19829306602853,0
F,40-44,32,4407,58,59.57538731015444,0
F,30-34,11,4929,57,29.868668233978692,1
F,45-49,48,5369,38,55.515531908552724,0
M,45-49,2,2789,34,272.8969761529779,0
M,30-34,42,9560,98,944.0925518288869,1
F,40-44,48,9777,85,387.27520591958455,0
F,35-39,25,4834,56,300.74786323536955,1
M,40-44,34,927,7,13.265403243382837,0
M,45-49,7,2920,36,206.4527226166137,0
M,30-34,35,342,5,9.3711078453314,0
M,45-49,6,9893,106,668.4928315172218,1
M,40-44,45,8778,94,880.3999901497025,1
F,45-49,45,2736,27,63.69667533122966,0
F,35-39,35,283,2,15.526710643084938,0
F,40-44,15,2424,24,17.35855240257788,1
F,30-34,23,2322,18,73.21002826599718,0
F,35-39,0,1016,10,15.521108243898357,0
F,30-34,48,939,7,26.93961686611401,0
F,45-49,24,3913,43,92.38983167248392,1
M,40-44,9,6204,69,279.2014210255527,2
M,45-49,15,3450,26,116.12813310856,0
M,45-49,15,8276,85,285.22733164559156,2
F,30-34,7,4592,36,242.56470671981015,0
F,35-39,28,3573,32,295.33102358270855,0
M,30-34,38,1813,20,86.11312108000175,1
F,30-34,27,3341,40,93.09039946050815,0
M,30-34,5,2538,22,67.58105646296052,0
F,35-39,15,1608,16,137.80812517144807,0
M,35-39,19,4740,48,284.6677138111874,0
M,30-34,15,6171,68,327.9371268702944,0
F,30-34,6,2326,19,36.50942823236127,0
M,30-34,40,4489,52,248.16529031194827,2
M,45-49,13,1153,6,18.87404419137104,0
M,40-44,42,7570,83,785.1841263123658,1
F,45-49,25,9661,103,916.5626020632931,6
F,35-39,25,5459,56,72.63615225260133,1
M,35-39,13,9720,89,481.33052517038084,1
F,40-44,6,7919,86,226.8726682854871,3
F,35-39,32,3006,16,70.43811760769216,1
M,35-39,25,7760,77,679.9143107209404,2
M,30-34,44,6067,58,319.66050045858816,0
M,30-34,19,9624,97,356.4793928411552,2
M,35-39,2,3434,34,84.14793837591405,2
F,35-39,3,9811,97,785.9993579430798,2
M,40-44,25,78,0,0.0,0
F,30-34,10,8947,98,484.7689436568212,2
F,30-34,1,9262,84,215.55251438265648,3
M,40-44,13,9688,88,323.4299687953618,1
F,30-34,43,7806,73,702.1514164431626,2
M,35-39,29,6998,63,342.77382765709183,0
F,45-49,48,5805,68,292.8517356831414,2
F,30-34,11,3652,31,169.0587914715814,1
F,30-34,25,5112,54,426.6211035264992,0
F,35-39,43,8121,86,320.8690011228438,2
M,35-39,32,7294,76,167.0258193133436,1
F,35-39,12,6422,70,423.9825186954668,0
F,40-44,13,7155,86,586.4717525440319,1
F,30-34,23,3631,37,269.02037803993016,0
F,35-39,33,2812,27,239.72981703151225,0
F,35-39,43,622,3,12.078462439639722,0
M,30-34,25,7755,72,87.54274902056198,2
M,40-44,20,664,7,67.23018081145766,0
F,35-39,27,4100,38,176.03930580492852,1
M,35-39,47,375,4,25.68378536757899,0
F,30-34,35,3790,31,211.72691766128207,2
F,35-39,39,408,7,39.843161628630035,0
M,35-39,1,3827,35,85.7481286373098,0
M,40-44,41,5956,55,422.06224368568394,2
F,30-34,8,1771,15,122.03465633833163,0
M,35-39,22,1399,21,120.81862941047923,0
F,35-39,14,3746,32,164.52259281779183,0
M,40-44,12,3946,38,60.1316841092027,0
F,35-39,22,4310,42,54.49671293841375,2
M,40-44,16,9838,89,331.6020769239635,1
F,40-44,47,9869,95,328.0386553544474,0
M,45-49,1,6991,70,669.1815398905754,3
F,35-39,19,3858,39,309.83222607529075,2
M,35-39,19,5296,39,264.0019513934817,1
F,40-44,45,8434,74,400.9066065793764,1
F,45-49,2,3895,42,87.77964475993387,0
M,45-49,11,2627,30,293.86015157252086,1
M,35-39,39,141,1,4.0628866332819955,0
M,30-34,1,4284,33,50.02117636721125,0
F,35-39,35,8722,101,524.3000404392584,2
F,40-44,13,6642,58,510.5729043988089,0
F,35-39,15,8178,86,767.9167484520781,0
M,35-39,18,1125,16,9.666819240579983,0
M,40-44,33,2563,26,231.91504895359571,0
F,35-39,43,8218,88,270.96080582988174,0
F,45-49,45,6911,70,60.91662203900134,0
F,35-39,5,9040,101,863.9547644131778,1
M,35-39,12,654,3,26.120202545663936,0
F,35-39,35,3029,19,117.11970991154416,1
M,40-44,21,7190,65,387.2128451305013,1
M,30-34,17,7115,57,468.80462762449855,1
F,30-34,11,4966,60,478.1964450448595,0
F,45-49,29,6850,63,564.2281258554584,0
F,30-34,50,647,9,51.759906769518146,0
M,35-39,39,9774,98,949.8794433342449,2
M,35-39,6,7370,67,667.5474578890698,2
F,35-39,31,8755,68,109.28781805911665,2
F,40-44,47,5672,47,402.8212886409155,1
M,30-34,18,1927,19,99.71791752362033,0
M,35-39,5,1749,21,87.8194844908165,1
M,35-39,19,9271,96,607.1219466130361,1
F,40-44,26,5830,45,46.42527572950801,1
M,30-34,42,766,8,42.491045026298075,0
M,35-39,36,4136,35,307.0711145338667,1
M,30-34,47,715,7,17.695190823241425,1
M,35-39,6,7896,90,409.5633600278585,4
M,30-34,4,6661,72,678.6049271969748,1
F,30-34,10,1129,8,36.570851673232994,0
M,40-44,14,8469,83,324.0728780940961,1
F,35-39,2,8390,75,351.382361787907,3
M,45-49,4,1119,14,76.087217946835,0
F,45-49,22,5313,61,396.7389839241862,0
F,35-39,36,8001,75,607.9936206531709,1
F,30-34,8,1413,18,86.30947718569773,0
F,35-39,14,4558,49,405.0373752844603,1
M,40-44,2,1805,17,94.69588680836102,0
M,35-39,28,569,6,22.293389090974728,0
F,30-34,5,5513,55,371.27930769239396,0
F,35-39,16,7283,65,475.6934923041059,3
F,40-44,25,1152,14,81.22051375872185,1
F,40-44,20,647,9,9.34058020301885,1
F,30-34,7,3323,33,69.75828136291861,0
M,40-44,20,5831,50,160.5164174228584,2
M,30-34,10,6306,66,210.2062549315862,1
F,30-34,37,7308,74,510.41482257355,0
F,45-49,7,8830,96,64.73397944635292,0
M,30-34,41,6604,64,491.45452044610806,1
F,35-39,23,9649,97,293.0130905345889,0
M,30-34,34,8052,79,272.1713955851849,6
F,45-49,13,4896,37,204.06030452228939,0
M,40-44,13,9871,108,275.5396665633704,2
M,40-44,9,9236,94,836.8328830229461,2
F,40-44,11,4848,43,56.37314635490191,0
M,30-34,37,6655,54,254.96815186044626,1
F,35-39,43,3036,31,265.6548583544651,0
F,35-39,45,450,4,25.40206798800696,0
F,30-34,33,2905,27,88.48252081363547,0
M,35-39,40,3462,42,188.8833229028078,1
M,45-49,9,106,1,7.213596613253889,0
M,30-34,16,8072,73,711.4563255228642,3
F,35-39,16,1925,18,161.72672084288314,1
F,30-34,2,4593,52,195.16180734089411,1
F,30-34,30,4348,37,369.3665545696819,0
F,45-49,50,3818,38,20.265183534712037,1
F,35-39,0,5802,65,49.56137421169632,2
F,35-39,11,4883,40,333.05939576505364,2
M,40-44,38,1403,6,14.369373149483964,0
F,30-34,3,5037,63,67.87040713515016,1
M,35-39,41,6647,72,198.2092820937675,2
F,35-39,12,4361,41,186.46600997554503,0
F,35-39,33,2984,24,178.5691096588163,0
F,45-49,41,72,1,6.431187502236452,0
M,40-44,20,1259,9,24.816614101415947,0
M,35-39,21,8990,96,506.982648667733,8
M,40-44,3,854,7,65.09323800900482,0
M,30-34,17,8375,83,684.133632151693,1
M,30-34,4,4466,37,132.10120936837538,0
F,30-34,18,8675,83,816.0156066289666,0
F,35-39,1,5191,57,412.2179468356234,1
M,35-39,11,5018,55,60.12978833589348,1
M,40-44,16,3721,31,25.854830063504092,0
M,45-49,9,7342,78,163.7902902164322,2
F,35-39,33,7051,76,563.511936732206,2
F,35-39,5,2148,25,56.137994887576625,0
F,30-34,7,8494,74,396.57519875381,1
F,30-34,50,5111,58,80.38632621963829,4
F,35-39,10,9371,79,730.6250614515614,1
F,35-39,11,3314,30,113.02877487131676,1
M,40-44,8,5485,66,602.3987994635155,1
F,30-34,1,8543,91,862.3449924316654,3
M,30-34,7,6741,74,41.308439061517596,2
F,35-39,10,2813,29,142.36924407325066,1
M,30-34,35,4055,35,25.698138522541885,2
F,30-34,9,3291,37,337.9055073554714,2
F,40-44,20,3107,32,173.59589359931107,1
F,30-34,19,600,9,10.907713085721479,0
F,40-44,47,5624,68,105.2387664666622,1
M,35-39,7,5461,48,198.88011516868903,2
M,30-34,35,1637,15,141.48337248438673,0
M,35-39,28,5970,67,474.5366749730835,0
M,40-44,41,5310,48,419.63420298224435,0
F,35-39,11,4459,41,163.23486374942206,1
M,40-44,13,5833,55,50.079158014874125,0
F,30-34,47,762,7,68.29212287409354,0
F,40-44,49,5456,57,37.79917444367311,2
F,30-34,20,8040,89,845.7394726800608,2
M,40-44,21,7470,73,292.17779343938184,0
F,35-39,20,6893,72,42.90183703496696,0
F,45-49,43,2483,32,225.50379844425052,0
F,35-39,49,3351,34,333.71451820212735,0
F,30-34,29,320,2,19.34688873391426,0
F,30-34,38,1129,12,24.346819277075703,0
M,40-44,19,5372,46,102.20529125090974,0
F,35-39,23,8845,73,428.70123728873426,0
M,40-44,22,5307,59,386.70935521307587,0
M,30-34,6,8032,85,639.5799652851865,5
M,35-39,8,9827,120,266.39741093824813,2
M,30-34,0,6264,62,595.8551741042519,2
M,45-49,25,5056,42,275.8569632594059,2
M,40-44,37,4035,30,256.40837187810814,0
F,45-49,37,9637,83,467.34181650156944,2
F,35-39,43,8841,109,483.4836756793234,1
F,40-44,21,8755,73,714.1763457236298,2
M,40-44,43,6041,54,325.6282632305759,0
M,35-39,9,6277,52,454.23554990279433,2
F,40-44,5,9308,97,926.9589432515361,0
M,45-49,16,7883,82,567.1012544397455,2
M,45-49,50,2936,26,148.58785359411272,0
F,40-44,49,2703,30,16.000592509535426,2
M,35-39,37,9330,81,71.29511354866511,1
F,35-39,23,4914,52,125.22050072925147,1
F,45-49,50,2564,21,47.608682155271055,0
M,30-34,9,4019,33,96.36688229515151,0
M,40-44,7,3334,35,118.89076703447223,1
F,40-44,20,7790,77,301.8879085323577,4
M,40-44,5,4616,44,197.7847544487904,0
M,45-49,20,2246,22,31.663064737307067,1
F,35-39,38,839,7,6.3170684748600054,0
M,35-39,23,3525,30,207.07416798581167,1
F,30-34,32,9906,107,599.7008494529885,2
F,35-39,17,1359,16,75.50991873745818,0
M,35-39,27,914,5,32.63589720549674,0
M,35-39,31,5439,42,351.24408347421263,0
M,40-44,11,3413,40,182.52330546415774,1
M,45-49,47,8265,81,533.8414283574981,0
M,30-34,41,3053,26,248.5323392872842,0
F,35-39,26,8552,79,669.6381841441014,2
M,45-49,9,1281,14,63.65810779682046,0
F,30-34,45,8009,68,450.4870772283239,1
F,30-34,41,2761,21,45.82564892222998,0
F,30-34,31,6631,57,332.0227631206912,1
F,35-39,41,7755,93,913.5035452208142,1
M,30-34,25,471,9,48.81594234981566,0
F,45-49,24,996,5,46.562819211532,0
F,35-39,10,9428,100,436.96817447809764,3
M,35-39,22,1884,10,99.89025858253996,0
M,30-34,33,1614,13,78.03367435060339,1
F,35-39,39,7382,77,69.41976928358613,1
M,40-44,22,4994,47,285.4860167227048,1
M,40-44,28,1358,12,37.30128730747401,0
M,40-44,30,3036,29,23.448604220888996,1
M,35-39,6,436,4,33.192425578397206,0
F,45-49,39,6181,65,202.76305083561678,1
F,40-44,32,9403,86,693.7801686559893,0
F,40-44,20,3308,34,110.09427929474504,0
M,30-34,1,6171,66,154.84262387885647,0
M,30-34,17,4861,39,380.3431302056904,0
F,30-34,46,6624,70,275.494142957088,0
M,40-44,32,6747,63,391.42366254873156,2
M,35-39,36,3983,36,226.61367054254927,0
F,35-39,33,1489,13,75.71847504842746,0
M,45-49,19,6219,65,597.32462162435,0
F,45-49,34,4530,48,331.54512854329204,3
M,45-49,50,105,0,0.0,0
M,35-39,49,3374,41,356.3971597722047,0
M,40-44,17,6827,62,137.64604757930303,1
F,35-39,45,155,1,5.670249197298966,0
F,30-34,23,3251,37,352.61845573823035,2
F,30-34,7,719,5,32.206387419319604,0
F,35-39,29,8984,96,793.0752268330872,0
M,35-39,43,1016,8,53.67061514143466,0
F,40-44,9,357,5,42.37011601804979,0
M,30-34,22,2188,26,246.28850632177515,0
F,40-44,48,159,1,3.0927564115609996,0
M,35-39,10,3682,48,101.3654530530638,1
F,35-39,1,6778,70,356.8538489711391,1
M,35-39,25,5734,62,444.39696939946316,0
M,35-39,35,6549,68,180.7655495557116,0
F,35-39,32,1965,23,12.396166918991506,0
M,35-39,46,606,5,18.789418002243504,0
M,30-34,12,7669,87,844.2622407641272,0
M,30-34,39,154,0,0.0,0
M,35-39,24,2097,19,81.93924263139093,0
F,45-49,3,195,1,2.3294729247949832,0
F,35-39,41,923,8,31.06281520536077,0
F,40-44,18,348,5,10.567373081809277,0
F,40-44,17,3288,31,46.807064376664194,0
M,45-49,36,8887,100,911.4052539439263,2
F,40-44,29,6432,77,768.281222521659,1
M,35-39,18,2561,19,39.12265634704015,0
M,40-44,22,6646,69,70.23953734471236,1
F,45-49,15,833,10,36.32445517889017,0
M,35-39,0,5042,57,278.4884463823064,0
F,35-39,11,420,6,14.674811083323705,0
M,30-34,23,536,6,20.18121997251783,0
F,40-44,33,7428,79,190.2534871365891,0
F,40-44,7,3246,26,204.24236040281548,0
F,30-34,17,9602,88,639.71516055471,3
F,35-39,47,4337,38,248.2174971897144,2
F,35-39,4,2311,30,125.35708926757336,0
M,30-34,25,9198,105,959.2683389609504,2
F,45-49,29,8622,91,883.6608821570248,2
M,30-34,12,288,2,4.299146939882828,0
F,30-34,18,6893,68,178.06616635207322,2
F,35-39,28,1155,18,98.8829057880632,1
F,40-44,2,1436,15,20.503206122719952,1
M,30-34,25,9769,114,529.6736159254312,0
M,40-44,39,1717,17,102.45928926160019,0
F,35-39,11,2741,33,180.17006455155393,1
M,30-34,1,7806,79,287.8468916000586,2
M,30-34,10,2046,18,101.75823283920236,1
M,35-39,43,1475,10,96.08609065459055,0
F,35-39,27,8073,93,228.5163766914307,2
F,45-49,17,6899,55,369.6493847608669,1
M,40-44,12,3297,29,26.455789239992285,0
M,45-49,36,2642,25,28.273896064340796,0
M,35-39,21,1540,17,97.620258212109,0
F,45-49,11,1274,16,23.95075540984832,0
F,35-39,1,2637,23,16.382773271268327,0
M,35-39,36,7764,69,146.92676995827856,2
M,30-34,6,3114,37,217.0444836063504,0
M,30-34,25,7854,91,653.538255181617,3
F,40-44,25,882,15,36.35319539014665,0
F,35-39,23,2490,17,116.42389910912019,0
M,30-34,11,4845,55,122.84388299934731,4
M,40-44,15,1696,15,94.91768329495413,1
M,35-39,22,490,2,8.827233918020179,0
F,35-39,39,6006,56,375.82133896548413,2
M,35-39,8,9771,99,985.347113706732,0
F,40-44,31,2417,25,235.23152924273347,0
F,40-44,14,6746,57,30.818571868250114,0
M,35-39,36,5240,61,543.6117639479562,0
M,35-39,12,4713,50,56.5831277080141,2
M,35-39,4,7112,69,659.2220372277784,2
F,40-44,10,4381,29,92.14297459196314,3
F,35-39,9,9546,86,355.12245644600836,2
F,30-34,12,3084,30,41.11688847508244,0
F,30-34,40,9427,93,145.6929819835916,2
M,35-39,45,3312,28,207.312990350999,4
F,35-39,49,2157,26,246.25006222982805,1
F,40-44,14,7086,76,478.9604133570115,2
M,30-34,41,4370,45,328.52588163771173,2
F,35-39,6,5988,60,464.3227544203775,0
F,40-44,39,2797,28,83.9085970310825,1
F,40-44,27,4727,55,51.1324821558123,2
F,35-39,31,8022,84,43.49444964749653,4
F,35-39,34,4314,30,114.93504564189533,0
F,35-39,14,3183,30,83.81730503677657,0
M,45-49,47,1515,14,15.288257431541691,0
M,30-34,35,4159,37,81.60419481152385,0
F,45-49,20,2261,19,31.972051137364577,0
M,40-44,5,5589,55,505.52395387257604,0
M,35-39,0,9785,101,185.08639131407259,1
M,30-34,3,1739,16,89.72256652612724,0
M,35-39,10,9813,94,576.643617915163,2
F,35-39,43,7777,100,566.314984823202,2
F,30-34,25,7814,85,122.48807062941029,2
M,40-44,36,4591,38,134.08620859194897,0
M,45-49,22,3591,40,39.482726335998244,0
M,35-39,28,868,12,51.10637020698003,0
F,40-44,20,4571,47,107.70942281276584,0
F,30-34,47,1174,11,64.19059972821769,0
M,35-39,44,5710,56,396.5740655277215,2
F,30-34,44,5691,58,322.1980429727933,0
F,40-44,48,1179,12,55.50298341369911,0
F,45-49,26,1752,19,79.41368246463298,1
F,40-44,38,2051,17,144.4332205476661,0
M,30-34,39,6962,67,173.1277734140444,3
F,35-39,12,3928,38,284.05282056992166,1
M,35-39,22,7282,76,584.9022384623659,1
F,35-39,15,6381,77,345.1448053185423,1
F,40-44,29,6085,65,216.0831200218323,1
F,40-44,3,6573,47,233.59677351952794,0
F,40-44,39,8161,87,120.5413097503153,0
M,35-39,15,8786,87,81.46117163734287,1
F,35-39,30,2451,30,46.80691184378916,1
F,30-34,41,9531,95,216.39839089465912,2
F,35-39,24,9024,86,454.91246221618115,0
M,35-39,43,589,7,59.96758630471462,0
M,40-44,11,5665,56,153.3617206238335,1
M,40-44,25,3006,29,272.13713396073734,0
F,30-34,36,8127,72,689.1570097115424,0
F,35-39,47,3772,30,288.2878123808835,1
M,30-34,32,5137,39,329.816993197578,3
F,30-34,27,6510,63,249.24928691743577,0
F,40-44,8,2220,25,29.762428863122974,0
F,30-34,11,3441,27,159.40200469810594,0
F,35-39,4,6992,76,441.36800252268273,1
F,30-34,27,1666,17,145.77108638819968,0
F,45-49,34,9158,88,876.6485185909439,3
M,35-39,4,6508,76,404.8895753364265,3
F,30-34,33,2806,25,94.48595737194876,0
F,35-39,45,6903,63,142.7621743664258,1
F,40-44,33,7759,94,51.28624356191207,2
F,45-49,12,1986,17,90.72186133695398,0
F,30-34,38,3141,40,231.09709334698638,0
M,45-49,41,1018,11,91.70607114091803,0
M,45-49,44,7347,75,397.0110896236204,1
M,45-49,47,3253,26,239.36768212051598,0
M,40-44,13,6549,69,446.208718892576,2
F,40-44,10,5223,48,407.1933246288139,2
F,35-39,41,939,12,22.90639776808317,0
M,40-44,37,9034,83,715.9325387433751,0
M,35-39,3,9223,96,663.7311952527897,4
F,40-44,32,7432,74,156.67382180414637,1
M,35-39,6,3581,33,75.99087547877441,1
F,40-44,40,851,8,74.41404704736082,0
F,40-44,7,8284,68,54.811122850940876,1
F,30-34,36,3399,47,230.02185218153278,1
M,40-44,50,8055,77,267.80717458679527,3
M,35-39,9,3251,37,252.27472015944747,0
F,40-44,42,399,6,50.85887509143254,0
F,35-39,14,9809,99,388.4356233239537,1
M,35-39,37,9371,74,337.1121673879545,3
F,45-49,14,633,6,58.969313716580615,1
M,35-39,4,3427,42,333.7826873620019,4
F,40-44,28,6078,63,568.4766723626772,3
M,35-39,18,7744,76,354.78632331047663,0
F,35-39,50,6246,48,130.73874901675654,0
M,35-39,9,7133,71,313.30190740316164,0
M,35-39,11,3451,30,219.08619658198137,0
M,35-39,3,3235,36,55.425198453904926,1
M,30-34,30,5335,58,178.02847719469636,3
F,35-39,17,9404,98,92.41802332974065,1
F,30-34,15,6822,70,322.51124599485746,2
M,45-49,39,8540,85,710.6624318035377,4
M,45-49,35,3397,35,25.70067635908859,0
F,35-39,24,838,10,69.15573504668077,0
F,40-44,22,4995,35,327.5548782758184,0
F,35-39,11,2939,29,79.77362584633072,0
M,40-44,33,9619,100,708.9530986912657,2
M,40-44,35,5323,54,527.2272752644027,1
F,45-49,36,3322,43,414.5905875722812,0
M,35-39,2,9119,117,319.6237980518928,7
F,40-44,8,5284,59,85.7355553253645,1
M,35-39,17,9819,93,177.50762223104175,2
F,45-49,42,6952,67,480.3457029888835,4
M,30-34,34,7662,89,658.1291291957446,0
F,40-44,33,2542,27,186.44167805763306,0
F,40-44,40,6795,72,265.87761721569086,2
F,40-44,13,9624,108,228.19114019183328,1
M,30-34,3,4290,45,270.7753668095882,2
F,45-49,28,2372,28,142.6589985715925,0
F,30-34,40,5348,60,445.43546385971297,0
F,40-44,44,1911,19,89.16549420275467,0
F,30-34,49,6670,65,241.6100114688942,0
F,35-39,14,4097,34,111.79358048696164,1
F,35-39,27,7631,93,233.33402776395104,2
M,35-39,41,7370,91,275.2377422133688,4
F,30-34,15,1148,12,16.810670028227555,0
F,30-34,11,5297,44,166.98623056827583,0
M,35-39,4,1784,23,19.490504001306366,1
M,40-44,33,4713,42,95.37912501936441,1
M,45-49,41,5959,59,448.06483420919,1
F,30-34,0,3466,33,118.53452795012122,1
F,35-39,38,6352,63,431.4398546609403,1
F,30-34,31,7643,88,643.3151707993238,1
F,30-34,25,730,7,42.148825291685554,0
M,40-44,16,8213,106,1018.4086255549563,1
M,40-44,47,2120,20,14.073574658391518,0
M,30-34,26,6718,53,398.4116095711296,1
M,30-34,23,8051,87,835.9371612167472,1
M,30-34,34,9971,93,808.3170728833218,0
M,40-44,45,2241,17,35.61466972650965,0
F,45-49,41,8909,77,277.56905402314203,2
F,30-34,38,9854,98,209.55266292498925,1
F,30-34,25,7636,88,546.6937921490926,3
F,45-49,48,8922,89,646.6549387636608,1
F,45-49,37,9214,93,326.63467523226194,2
M,35-39,22,2896,38,213.76187320833066,0
F,30-34,21,2513,22,155.40239914487975,1
F,30-34,3,6887,69,310.6882497885422,1
M,35-39,48,4972,48,413.43108188768946,3
M,35-39,8,4442,48,375.8267704912446,3
F,30-34,3,3233,48,53.48748799586022,2
M,35-39,6,3217,27,172.81863921679764,2
F,30-34,22,3047,20,54.711854682352424,0
F,40-44,1,6571,70,405.74964600373806,1
M,35-39,48,3277,45,431.5698092255931,1
M,30-34,23,6614,64,566.4696987677681,2
M,35-39,39,9970,103,447.31930044815635,4
M,35-39,30,2074,18,58.84886977688443,1
M,45-49,46,379,4,10.907418287513842,2
F,35-39,30,2536,24,133.41339030448657,0
M,35-39,46,1205,14,22.19504428332149,1
F,40-44,39,4527,40,228.72450308873448,1
M,35-39,47,2235,19,9.740721928087957,1
F,45-49,50,7136,74,264.66629041432896,1
M,35-39,42,2367,24,62.14502355337253,1
M,35-39,33,3671,37,359.8834046712149,2
F,30-34,23,4541,49,363.03129975982523,0
F,35-39,48,2561,27,103.18609208856397,1
M,40-44,25,7892,82,113.32632240735337,1
F,40-44,15,8691,63,340.80515592233843,4
M,30-34,46,9596,118,298.27507496649343,2
F,30-34,12,7898,80,447.6864548827519,1
M,40-44,14,5454,51,430.2330605996734,1
M,45-49,26,5443,55,349.2516084729738,1
F,30-34,3,1343,13,84.77286981380777,0
F,35-39,15,2515,20,112.79575492193418,0
M,35-39,29,3225,36,335.1248463599419,2
F,45-49,43,7899,88,823.0706441756244,3
F,30-34,29,9475,79,424.2987624057009,0
M,30-34,35,9679,96,326.85265227487605,6
F,40-44,2,8494,111,540.1344976998737,3
M,30-34,21,8260,83,188.60091376624294,0
F,35-39,48,2809,22,143.99596190148065,0
F,35-39,21,5305,45,236.2894735469047,0
F,35-39,49,8464,100,148.13545392261588,3
M,35-39,49,52,1,2.377653920636346,0
M,35-39,48,8180,73,369.12476162437184,1
M,30-34,11,1309,12,107.18514494194986,0
